,zone,province,type,2545,2547,2549,2550,2552,2554,2556,2558,2560,group
0,ภาคกลาง,กรุงเทพมหานคร,หนี้สินทั้งสิ้น,162199.23,160775.93,158059,155396,207665,218741.4,275576.8,164705.6,202699.85,4
1,ภาคกลาง,กรุงเทพมหานคร,เพื่อใช้จ่ายในครัวเรือน,117724.88,37388.46,31693,38184,44146,57018.3,72056.7,52384.4,65061.29,2
2,ภาคกลาง,กรุงเทพมหานคร,เพื่อใช้ทำธุรกิจที่ไม่ใช่การเกษตร,44118.82,31081.73,48960,27517,51720,15421.8,16311.5,12717.4,10537.76,0
3,ภาคกลาง,กรุงเทพมหานคร,เพื่อใช้ทำการเกษตร,85.69,445.82,1189,3298,600,1273.0,709.8,310.9,10.8,3
4,ภาคกลาง,กรุงเทพมหานคร,เพื่อใช้ในการศึกษา,0.0,0.0,4362,4953,5249,4287.7,3099.1,1229.9,2261.56,3
5,ภาคกลาง,กรุงเทพมหานคร,เพื่อใช้ซื้อ/เช่าซื้อบ้านและที่ดิน,0.0,86207.61,68779,67457,102121,136961.9,180382.5,97246.0,123080.32,1
6,ภาคกลาง,กรุงเทพมหานคร,อื่น ๆ,269.82,5652.28,3076,13986,3830,3778.9,3017.1,817.0,1748.11,3
7,ภาคกลาง,สมุทรปราการ,หนี้สินทั้งสิ้น,84345.14,78750.16,95975,85904,117361,115168.8,207741.1,87647.2,179803.61,1
8,ภาคกลาง,สมุทรปราการ,เพื่อใช้จ่ายในครัวเรือน,71284.0,23850.24,21393,31960,33028,41836.5,59330.2,40380.0,41492.81,0
9,ภาคกลาง,สมุทรปราการ,เพื่อใช้ทำธุรกิจที่ไม่ใช่การเกษตร,11070.68,9221.45,5249,3570,6909,2895.4,14035.8,1981.9,3025.7,3
10,ภาคกลาง,สมุทรปราการ,เพื่อใช้ทำการเกษตร,1969.19,4083.22,1353,1054,1312,420.0,92.5,0.0,212.26,3
11,ภาคกลาง,สมุทรปราการ,เพื่อใช้ในการศึกษา,0.0,0.0,1292,2729,1201,461.7,124.4,160.1,568.94,3
12,ภาคกลาง,สมุทรปราการ,เพื่อใช้ซื้อ/เช่าซื้อบ้านและที่ดิน,0.0,40699.08,60788,46590,74700,69555.1,134158.2,45125.2,134503.89,2
13,ภาคกลาง,สมุทรปราการ,อื่น ๆ,21.26,896.15,5899,0,211,0.0,0.0,0.0,0.0,3
14,ภาคกลาง,นนทบุรี,หนี้สินทั้งสิ้น,145908.08,203040.52,179007,196895,240769,258853.4,260752.2,277605.7,288940.49,4
15,ภาคกลาง,นนทบุรี,เพื่อใช้จ่ายในครัวเรือน,123235.7,57416.23,46911,56804,44818,60604.7,46697.0,58402.3,79697.04,2
16,ภาคกลาง,นนทบุรี,เพื่อใช้ทำธุรกิจที่ไม่ใช่การเกษตร,16763.51,24695.27,18128,21192,58783,18680.6,26538.6,9718.1,39565.04,0
17,ภาคกลาง,นนทบุรี,เพื่อใช้ทำการเกษตร,5786.2,4445.56,513,1850,584,0.0,1700.4,0.0,742.99,3
18,ภาคกลาง,นนทบุรี,เพื่อใช้ในการศึกษา,0.0,0.0,4455,2655,871,191.8,1701.0,1522.1,2793.66,3
19,ภาคกลาง,นนทบุรี,เพื่อใช้ซื้อ/เช่าซื้อบ้านและที่ดิน,0.0,114107.15,106558,113310,135712,178498.6,182600.4,207012.8,165168.33,1
20,ภาคกลาง,นนทบุรี,อื่น ๆ,122.65,2376.29,2441,1083,0,877.7,1514.7,950.4,973.44,3
21,ภาคกลาง,ปทุมธานี,หนี้สินทั้งสิ้น,232245.16,145014.63,193153,152187,220761,145293.0,386957.4,221748.2,294901.2,4
22,ภาคกลาง,ปทุมธานี,เพื่อใช้จ่ายในครัวเรือน,202470.29,38629.18,62558,59297,54539,75798.0,113850.3,95829.0,97569.99,2
23,ภาคกลาง,ปทุมธานี,เพื่อใช้ทำธุรกิจที่ไม่ใช่การเกษตร,11721.22,17641.63,14324,18587,26072,20994.1,13199.2,7377.0,8647.09,3
24,ภาคกลาง,ปทุมธานี,เพื่อใช้ทำการเกษตร,17650.64,5389.23,14705,4284,6479,1882.8,905.7,6846.5,6242.83,3
25,ภาคกลาง,ปทุมธานี,เพื่อใช้ในการศึกษา,0.0,0.0,3682,1394,1615,448.4,1237.5,858.0,2690.12,3
26,ภาคกลาง,ปทุมธานี,เพื่อใช้ซื้อ/เช่าซื้อบ้านและที่ดิน,0.0,82034.13,97834,66390,132028,46111.5,257560.0,110837.8,179751.17,1
27,ภาคกลาง,ปทุมธานี,อื่น ๆ,403.0,1320.43,50,2235,28,58.1,204.6,0.0,0.0,3
28,ภาคกลาง,พระนครศรีอยุธยา,หนี้สินทั้งสิ้น,26106.92,49446.03,53222,54762,163425,81609.4,106260.1,216815.6,234446.06,1
29,ภาคกลาง,พระนครศรีอยุธยา,เพื่อใช้จ่ายในครัวเรือน,18929.07,11290.61,14872,16215,40267,38747.6,42108.2,75176.7,89837.6,2
30,ภาคกลาง,พระนครศรีอยุธยา,เพื่อใช้ทำธุรกิจที่ไม่ใช่การเกษตร,4123.19,7266.48,8563,13185,15206,8478.2,2319.8,41558.3,6440.03,3
31,ภาคกลาง,พระนครศรีอยุธยา,เพื่อใช้ทำการเกษตร,3039.13,9620.2,9156,5518,5705,6924.6,4330.9,16499.6,9751.71,3
32,ภาคกลาง,พระนครศรีอยุธยา,เพื่อใช้ในการศึกษา,0.0,0.0,1092,1872,2965,937.5,0.0,926.4,649.38,3
33,ภาคกลาง,พระนครศรีอยุธยา,เพื่อใช้ซื้อ/เช่าซื้อบ้านและที่ดิน,0.0,18099.24,17689,15178,98470,26461.3,57480.9,82585.2,127767.34,2
34,ภาคกลาง,พระนครศรีอยุธยา,อื่น ๆ,15.52,3169.48,1850,2794,812,60.2,20.3,69.3,0.0,3
35,ภาคกลาง,อ่างทอง,หนี้สินทั้งสิ้น,29021.32,43598.45,118556,105430,309494,133918.0,212497.7,132829.3,117941.63,1
36,ภาคกลาง,อ่างทอง,เพื่อใช้จ่ายในครัวเรือน,14330.33,17020.02,26066,31929,40868,53211.9,94697.8,52689.4,76107.91,2
37,ภาคกลาง,อ่างทอง,เพื่อใช้ทำธุรกิจที่ไม่ใช่การเกษตร,4268.41,4580.54,16330,25416,179680,13690.0,28921.8,22275.8,5920.44,0
38,ภาคกลาง,อ่างทอง,เพื่อใช้ทำการเกษตร,8199.62,10128.12,22825,9626,30642,32480.9,29940.0,17828.1,16789.48,0
39,ภาคกลาง,อ่างทอง,เพื่อใช้ในการศึกษา,0.0,0.0,3909,1857,3713,3797.4,3261.0,167.0,1901.15,3
40,ภาคกลาง,อ่างทอง,เพื่อใช้ซื้อ/เช่าซื้อบ้านและที่ดิน,0.0,10591.88,42418,34471,50997,27220.7,50112.7,39759.9,16691.33,0
41,ภาคกลาง,อ่างทอง,อื่น ๆ,2222.96,1277.86,7008,2133,3594,3517.2,5564.4,109.1,531.32,3
42,ภาคกลาง,ลพบุรี,หนี้สินทั้งสิ้น,57244.98,141603.47,162620,140722,329812,87008.8,97449.2,92473.7,69611.48,1
43,ภาคกลาง,ลพบุรี,เพื่อใช้จ่ายในครัวเรือน,37486.46,48196.13,43578,37265,6375,32819.5,34876.1,47376.1,29103.02,0
44,ภาคกลาง,ลพบุรี,เพื่อใช้ทำธุรกิจที่ไม่ใช่การเกษตร,3276.36,30612.85,31617,35872,565,4481.9,1718.3,2235.4,6411.67,3
45,ภาคกลาง,ลพบุรี,เพื่อใช้ทำการเกษตร,15975.88,28240.46,30578,22795,320118,33620.3,40284.5,27121.5,18083.09,2
46,ภาคกลาง,ลพบุรี,เพื่อใช้ในการศึกษา,0.0,0.0,1016,300,0,830.9,24.1,0.0,0.0,3
47,ภาคกลาง,ลพบุรี,เพื่อใช้ซื้อ/เช่าซื้อบ้านและที่ดิน,0.0,33422.17,49680,38913,2754,15256.3,20546.2,15740.7,16013.71,0
48,ภาคกลาง,ลพบุรี,อื่น ๆ,506.27,1131.84,6151,5576,0,0.0,0.0,0.0,0.0,3
49,ภาคกลาง,สิงห์บุรี,หนี้สินทั้งสิ้น,82645.11,100573.17,88518,76219,55605,133377.9,151449.6,168239.2,187918.48,1
50,ภาคกลาง,สิงห์บุรี,เพื่อใช้จ่ายในครัวเรือน,38522.49,32049.98,21923,32929,32311,57079.2,75220.8,92747.9,94013.96,2
51,ภาคกลาง,สิงห์บุรี,เพื่อใช้ทำธุรกิจที่ไม่ใช่การเกษตร,30180.42,15478.87,14704,9580,6013,16258.9,13087.1,21608.2,67439.38,0
52,ภาคกลาง,สิงห์บุรี,เพื่อใช้ทำการเกษตร,13919.14,24892.4,10618,16297,6248,11606.4,21814.0,15610.0,18021.52,3
53,ภาคกลาง,สิงห์บุรี,เพื่อใช้ในการศึกษา,0.0,0.0,4600,2195,1639,3835.0,1795.7,2138.4,434.37,3
54,ภาคกลาง,สิงห์บุรี,เพื่อใช้ซื้อ/เช่าซื้อบ้านและที่ดิน,0.0,26797.76,35252,13862,7383,28515.5,39440.5,35498.6,7511.48,0
55,ภาคกลาง,สิงห์บุรี,อื่น ๆ,23.03,1354.13,1420,1356,2012,16082.9,91.5,636.1,497.78,3
56,ภาคกลาง,ชัยนาท,หนี้สินทั้งสิ้น,63024.93,93763.07,98121,180175,146131,175956.8,264144.0,273336.0,286887.83,4
57,ภาคกลาง,ชัยนาท,เพื่อใช้จ่ายในครัวเรือน,37912.08,29607.12,32403,38552,37170,49599.2,57844.6,88226.0,71591.75,2
58,ภาคกลาง,ชัยนาท,เพื่อใช้ทำธุรกิจที่ไม่ใช่การเกษตร,4621.98,13382.47,9927,11564,10633,20955.3,132136.0,87791.6,54689.27,2
59,ภาคกลาง,ชัยนาท,เพื่อใช้ทำการเกษตร,19721.02,24799.22,26023,92238,45451,34008.2,37528.3,42003.0,78729.62,2
60,ภาคกลาง,ชัยนาท,เพื่อใช้ในการศึกษา,0.0,0.0,2147,2489,3277,7620.5,1084.5,7685.8,8971.31,3
61,ภาคกลาง,ชัยนาท,เพื่อใช้ซื้อ/เช่าซื้อบ้านและที่ดิน,0.0,25577.3,25572,29757,46417,62784.6,35532.5,47436.9,72905.89,2
62,ภาคกลาง,ชัยนาท,อื่น ๆ,769.84,396.94,2048,5576,3185,989.0,18.2,192.7,0.0,3
63,ภาคกลาง,สระบุรี,หนี้สินทั้งสิ้น,74100.65,99882.89,111111,120194,148743,142503.9,248741.2,197695.5,286459.92,4
64,ภาคกลาง,สระบุรี,เพื่อใช้จ่ายในครัวเรือน,51496.52,33963.34,29125,52232,44570,67403.9,99079.0,94606.2,80715.15,2
65,ภาคกลาง,สระบุรี,เพื่อใช้ทำธุรกิจที่ไม่ใช่การเกษตร,15530.5,29380.02,14349,34579,33991,11613.0,29835.8,13295.0,33173.04,0
66,ภาคกลาง,สระบุรี,เพื่อใช้ทำการเกษตร,7031.02,15093.41,8162,3483,20978,18758.7,22627.9,15895.2,37516.64,0
67,ภาคกลาง,สระบุรี,เพื่อใช้ในการศึกษา,0.0,0.0,2153,972,1469,1215.5,1441.4,2296.4,1857.92,3
68,ภาคกลาง,สระบุรี,เพื่อใช้ซื้อ/เช่าซื้อบ้านและที่ดิน,0.0,20166.85,57000,27027,47551,43512.9,95757.1,71602.7,132536.24,2
69,ภาคกลาง,สระบุรี,อื่น ๆ,42.58,1279.26,322,1902,184,0.0,0.0,0.0,660.93,3
70,ภาคกลาง,ชลบุรี,หนี้สินทั้งสิ้น,62990.63,204157.85,128114,139319,191149,186509.0,159083.7,149191.5,170022.64,1
71,ภาคกลาง,ชลบุรี,เพื่อใช้จ่ายในครัวเรือน,52109.02,41190.46,40867,66886,50818,46507.2,67208.4,72108.3,81276.07,2
72,ภาคกลาง,ชลบุรี,เพื่อใช้ทำธุรกิจที่ไม่ใช่การเกษตร,7646.75,5108.83,14112,14234,5615,837.5,2381.9,4648.8,330.76,3
73,ภาคกลาง,ชลบุรี,เพื่อใช้ทำการเกษตร,1324.3,5399.74,2075,4468,3607,1925.4,1128.1,892.8,652.63,3
74,ภาคกลาง,ชลบุรี,เพื่อใช้ในการศึกษา,0.0,0.0,1415,2739,1732,850.3,705.5,78.1,803.85,3
75,ภาคกลาง,ชลบุรี,เพื่อใช้ซื้อ/เช่าซื้อบ้านและที่ดิน,0.0,151445.03,68328,50993,129377,136388.6,87532.4,71463.5,86959.33,2
76,ภาคกลาง,ชลบุรี,อื่น ๆ,1910.55,1013.77,1315,0,0,0.0,127.4,0.0,0.0,3
77,ภาคกลาง,ระยอง,หนี้สินทั้งสิ้น,63182.07,135491.74,114145,149593,144786,104910.4,171432.4,145526.8,124478.28,1
78,ภาคกลาง,ระยอง,เพื่อใช้จ่ายในครัวเรือน,42647.72,32960.63,39853,51050,49190,46867.2,58998.2,36753.2,42971.14,2
79,ภาคกลาง,ระยอง,เพื่อใช้ทำธุรกิจที่ไม่ใช่การเกษตร,7784.36,15612.43,6920,15850,17534,16874.2,30251.5,19775.6,13528.26,0
80,ภาคกลาง,ระยอง,เพื่อใช้ทำการเกษตร,12663.28,25225.71,11308,14289,16748,18328.6,12445.9,3548.4,2189.3,3
81,ภาคกลาง,ระยอง,เพื่อใช้ในการศึกษา,0.0,0.0,632,220,1014,0.0,39.8,0.0,223.48,3
82,ภาคกลาง,ระยอง,เพื่อใช้ซื้อ/เช่าซื้อบ้านและที่ดิน,0.0,61689.42,54981,67985,60301,22316.8,69696.9,85438.4,65566.1,2
83,ภาคกลาง,ระยอง,อื่น ๆ,86.7,3.53,451,198,0,523.7,0.0,11.1,0.0,3
84,ภาคกลาง,จันทบุรี,หนี้สินทั้งสิ้น,145209.49,184233.23,176403,186301,125646,124265.5,110504.3,130258.2,186071.96,1
85,ภาคกลาง,จันทบุรี,เพื่อใช้จ่ายในครัวเรือน,41019.64,34513.82,44318,43417,40428,48390.3,44057.7,69832.7,72316.98,2
86,ภาคกลาง,จันทบุรี,เพื่อใช้ทำธุรกิจที่ไม่ใช่การเกษตร,57001.6,36498.8,45492,51366,15608,18036.9,11110.6,9880.5,14219.28,0
87,ภาคกลาง,จันทบุรี,เพื่อใช้ทำการเกษตร,47183.73,72039.55,53562,50427,34424,24999.5,28283.5,29273.1,51224.22,0
88,ภาคกลาง,จันทบุรี,เพื่อใช้ในการศึกษา,0.0,0.0,1049,2676,985,2095.7,1045.5,2112.6,567.89,3
89,ภาคกลาง,จันทบุรี,เพื่อใช้ซื้อ/เช่าซื้อบ้านและที่ดิน,0.0,38886.78,30801,37282,32666,30086.2,26007.1,16929.8,45838.7,0
90,ภาคกลาง,จันทบุรี,อื่น ๆ,4.51,2294.26,1181,1132,1535,657.0,0.0,2229.6,1904.89,3
91,ภาคกลาง,ตราด,หนี้สินทั้งสิ้น,53276.45,86974.0,90976,122306,99210,91346.4,147138.7,147113.8,193674.99,1
92,ภาคกลาง,ตราด,เพื่อใช้จ่ายในครัวเรือน,30270.84,17526.02,26349,56609,36608,38257.2,58001.5,83337.0,86672.89,2
93,ภาคกลาง,ตราด,เพื่อใช้ทำธุรกิจที่ไม่ใช่การเกษตร,9600.24,21079.51,10333,13518,9735,14626.1,34209.7,5776.8,27591.57,0
94,ภาคกลาง,ตราด,เพื่อใช้ทำการเกษตร,13324.79,26251.6,30104,24023,28015,18395.8,18535.8,26157.1,33869.6,0
95,ภาคกลาง,ตราด,เพื่อใช้ในการศึกษา,0.0,0.0,1314,2822,4690,1595.8,615.2,757.2,2899.44,3
96,ภาคกลาง,ตราด,เพื่อใช้ซื้อ/เช่าซื้อบ้านและที่ดิน,0.0,20892.91,22874,24711,19843,18471.4,35762.4,31085.7,42641.5,0
97,ภาคกลาง,ตราด,อื่น ๆ,80.56,1223.94,4,622,318,0.0,14.1,0.0,0.0,3
98,ภาคกลาง,ฉะเชิงเทรา,หนี้สินทั้งสิ้น,122392.6,162526.92,77611,151115,95398,102745.4,217297.6,75443.1,80062.22,1
99,ภาคกลาง,ฉะเชิงเทรา,เพื่อใช้จ่ายในครัวเรือน,75792.19,25825.02,23034,16527,31719,37813.8,66998.0,53027.6,44365.22,2
100,ภาคกลาง,ฉะเชิงเทรา,เพื่อใช้ทำธุรกิจที่ไม่ใช่การเกษตร,15868.6,10437.79,6997,5855,11371,7179.9,19988.6,3372.0,3194.95,3
101,ภาคกลาง,ฉะเชิงเทรา,เพื่อใช้ทำการเกษตร,30074.28,33988.45,22286,84139,26587,22559.7,11690.1,5836.2,17986.39,0
102,ภาคกลาง,ฉะเชิงเทรา,เพื่อใช้ในการศึกษา,0.0,0.0,1677,949,1360,477.5,676.6,1554.0,277.2,3
103,ภาคกลาง,ฉะเชิงเทรา,เพื่อใช้ซื้อ/เช่าซื้อบ้านและที่ดิน,0.0,89486.11,17891,43139,24203,34639.6,117780.4,11653.3,14238.46,0
104,ภาคกลาง,ฉะเชิงเทรา,อื่น ๆ,657.52,2789.53,5727,507,158,74.9,163.9,0.0,0.0,3
105,ภาคกลาง,ปราจีนบุรี,หนี้สินทั้งสิ้น,48791.41,86163.29,96975,120822,175679,127503.1,110519.1,161432.8,135499.3,1
106,ภาคกลาง,ปราจีนบุรี,เพื่อใช้จ่ายในครัวเรือน,29032.82,30163.69,29220,36061,59342,72411.2,49914.5,67125.7,51096.86,2
107,ภาคกลาง,ปราจีนบุรี,เพื่อใช้ทำธุรกิจที่ไม่ใช่การเกษตร,9505.34,10954.59,6610,24783,34992,10549.4,5855.8,17135.8,11374.92,3
108,ภาคกลาง,ปราจีนบุรี,เพื่อใช้ทำการเกษตร,10173.2,15222.47,22915,34901,21690,12612.7,14265.5,48175.9,26602.01,0
109,ภาคกลาง,ปราจีนบุรี,เพื่อใช้ในการศึกษา,0.0,0.0,4643,4030,3653,8652.7,1202.7,131.8,1916.43,3
110,ภาคกลาง,ปราจีนบุรี,เพื่อใช้ซื้อ/เช่าซื้อบ้านและที่ดิน,0.0,29384.51,31221,19300,55711,21064.6,39280.6,28607.6,44509.09,0
111,ภาคกลาง,ปราจีนบุรี,อื่น ๆ,80.04,438.01,2366,1747,290,2212.6,0.0,255.9,0.0,3
112,ภาคกลาง,นครนายก,หนี้สินทั้งสิ้น,62397.19,100836.34,96838,98113,79420,77090.8,134040.0,144657.3,112919.58,1
113,ภาคกลาง,นครนายก,เพื่อใช้จ่ายในครัวเรือน,22471.94,29425.81,26971,30500,33862,21847.3,42787.7,62550.2,64349.01,0
114,ภาคกลาง,นครนายก,เพื่อใช้ทำธุรกิจที่ไม่ใช่การเกษตร,12607.65,17857.73,14081,9198,3707,4731.6,24679.7,13853.6,13948.85,3
115,ภาคกลาง,นครนายก,เพื่อใช้ทำการเกษตร,26368.59,20460.89,29142,17846,26968,42746.3,21293.3,9253.6,18218.5,0
116,ภาคกลาง,นครนายก,เพื่อใช้ในการศึกษา,0.0,0.0,4124,2389,446,1612.4,0.0,1126.0,535.33,3
117,ภาคกลาง,นครนายก,เพื่อใช้ซื้อ/เช่าซื้อบ้านและที่ดิน,0.0,31294.97,17932,31522,13482,5245.2,44497.1,50820.9,15599.03,0
118,ภาคกลาง,นครนายก,อื่น ๆ,948.99,1796.93,4589,6658,955,908.0,782.2,7053.0,268.85,3
119,ภาคกลาง,สระแก้ว,หนี้สินทั้งสิ้น,69543.05,64943.26,88116,101281,105886,106147.1,166090.3,249126.9,169875.58,1
120,ภาคกลาง,สระแก้ว,เพื่อใช้จ่ายในครัวเรือน,22409.11,19815.05,35231,43520,39364,46933.3,51241.8,144502.2,71272.14,2
121,ภาคกลาง,สระแก้ว,เพื่อใช้ทำธุรกิจที่ไม่ใช่การเกษตร,25827.35,13695.09,7634,13540,10360,9004.9,15561.4,26256.4,12159.17,3
122,ภาคกลาง,สระแก้ว,เพื่อใช้ทำการเกษตร,17167.27,17374.14,29670,25075,38691,31128.7,47466.1,43752.8,65672.63,0
123,ภาคกลาง,สระแก้ว,เพื่อใช้ในการศึกษา,0.0,0.0,1131,4886,332,2008.5,1317.1,5601.4,2829.83,3
124,ภาคกลาง,สระแก้ว,เพื่อใช้ซื้อ/เช่าซื้อบ้านและที่ดิน,0.0,12334.16,8393,10722,16643,11603.8,36555.3,28381.0,17030.98,0
125,ภาคกลาง,สระแก้ว,อื่น ๆ,4139.31,1724.79,6058,3539,496,5467.9,13948.7,633.1,910.82,3
126,ภาคกลาง,ราชบุรี,หนี้สินทั้งสิ้น,98283.43,106568.4,110017,96086,121084,116257.2,192593.4,104894.4,255929.54,1
127,ภาคกลาง,ราชบุรี,เพื่อใช้จ่ายในครัวเรือน,77336.5,42932.61,23480,24213,41518,33172.5,65184.8,49266.6,85216.59,2
128,ภาคกลาง,ราชบุรี,เพื่อใช้ทำธุรกิจที่ไม่ใช่การเกษตร,13812.74,11281.01,36104,13966,27181,25879.2,67321.4,9085.0,33343.65,0
129,ภาคกลาง,ราชบุรี,เพื่อใช้ทำการเกษตร,5647.06,10919.73,19332,11723,8677,22524.3,13692.9,5848.9,16150.64,3
130,ภาคกลาง,ราชบุรี,เพื่อใช้ในการศึกษา,0.0,0.0,4458,5092,4343,2822.7,2785.4,813.6,2181.76,3
131,ภาคกลาง,ราชบุรี,เพื่อใช้ซื้อ/เช่าซื้อบ้านและที่ดิน,0.0,41023.44,26418,40497,37225,31765.9,43519.7,39822.6,110730.16,2
132,ภาคกลาง,ราชบุรี,อื่น ๆ,1487.12,411.58,225,596,2140,92.6,89.2,57.7,8306.75,3
133,ภาคกลาง,กาญจนบุรี,หนี้สินทั้งสิ้น,86943.13,62815.8,114158,91113,107527,68785.6,105780.2,89861.9,157164.45,1
134,ภาคกลาง,กาญจนบุรี,เพื่อใช้จ่ายในครัวเรือน,32402.48,13560.8,27163,28044,31141,20913.6,21466.3,19690.6,69424.49,0
135,ภาคกลาง,กาญจนบุรี,เพื่อใช้ทำธุรกิจที่ไม่ใช่การเกษตร,12780.83,7348.99,18339,15280,7384,3849.4,12098.9,12389.5,14566.22,3
136,ภาคกลาง,กาญจนบุรี,เพื่อใช้ทำการเกษตร,40876.98,27501.59,29777,23993,31585,24501.1,27245.8,20112.4,35455.39,0
137,ภาคกลาง,กาญจนบุรี,เพื่อใช้ในการศึกษา,0.0,0.0,1548,2712,2869,3461.5,4268.7,1176.9,4336.18,3
138,ภาคกลาง,กาญจนบุรี,เพื่อใช้ซื้อ/เช่าซื้อบ้านและที่ดิน,0.0,14156.61,32815,20810,24688,14306.9,40052.9,35290.5,33380.9,0
139,ภาคกลาง,กาญจนบุรี,อื่น ๆ,882.83,247.79,4516,273,9861,1753.1,647.6,1201.9,1.28,3
140,ภาคกลาง,สุพรรณบุรี,หนี้สินทั้งสิ้น,41290.38,135261.93,93851,80475,63524,53264.9,36593.0,50553.1,45861.04,2
141,ภาคกลาง,สุพรรณบุรี,เพื่อใช้จ่ายในครัวเรือน,18613.59,24665.48,18666,15881,7713,9913.5,5136.6,15175.4,11710.72,3
142,ภาคกลาง,สุพรรณบุรี,เพื่อใช้ทำธุรกิจที่ไม่ใช่การเกษตร,5884.82,26458.27,10369,15243,10693,8544.1,4021.0,2461.8,4141.21,3
143,ภาคกลาง,สุพรรณบุรี,เพื่อใช้ทำการเกษตร,16373.36,46670.12,26863,22392,25303,24232.7,21934.0,16449.3,23838.31,0
144,ภาคกลาง,สุพรรณบุรี,เพื่อใช้ในการศึกษา,0.0,0.0,1394,1645,558,0.0,0.0,593.0,489.21,3
145,ภาคกลาง,สุพรรณบุรี,เพื่อใช้ซื้อ/เช่าซื้อบ้านและที่ดิน,0.0,36833.07,35209,25104,18462,9757.9,5398.0,15179.8,5276.36,0
146,ภาคกลาง,สุพรรณบุรี,อื่น ๆ,418.6,634.96,1350,210,794,816.6,103.5,693.7,405.24,3
147,ภาคกลาง,นครปฐม,หนี้สินทั้งสิ้น,124110.63,174832.09,167798,100110,101030,59484.4,175893.9,153504.0,75904.34,1
148,ภาคกลาง,นครปฐม,เพื่อใช้จ่ายในครัวเรือน,92985.73,36441.75,17894,24825,20330,22071.5,48430.7,55638.3,46341.43,0
149,ภาคกลาง,นครปฐม,เพื่อใช้ทำธุรกิจที่ไม่ใช่การเกษตร,14497.66,25911.38,59142,11749,15576,10317.5,8794.0,22321.5,5024.39,0
150,ภาคกลาง,นครปฐม,เพื่อใช้ทำการเกษตร,13437.97,46591.04,35733,18249,7261,8089.6,16850.1,22494.5,6675.0,0
151,ภาคกลาง,นครปฐม,เพื่อใช้ในการศึกษา,0.0,0.0,784,775,2036,456.4,103.5,3131.4,1716.1,3
152,ภาคกลาง,นครปฐม,เพื่อใช้ซื้อ/เช่าซื้อบ้านและที่ดิน,0.0,61602.86,51252,44496,55423,14804.8,101625.0,49842.9,16102.12,0
153,ภาคกลาง,นครปฐม,อื่น ๆ,3189.25,4285.05,2992,16,404,3744.6,90.6,75.4,45.3,3
154,ภาคกลาง,สมุทรสาคร,หนี้สินทั้งสิ้น,131560.68,64616.07,138320,69569,133793,104821.6,56367.4,128830.4,104677.28,1
155,ภาคกลาง,สมุทรสาคร,เพื่อใช้จ่ายในครัวเรือน,75667.61,18381.62,33588,27881,39405,22573.1,15864.3,39715.0,21488.12,0
156,ภาคกลาง,สมุทรสาคร,เพื่อใช้ทำธุรกิจที่ไม่ใช่การเกษตร,46945.95,6993.37,29901,2537,45294,1328.6,21505.9,809.1,5052.97,3
157,ภาคกลาง,สมุทรสาคร,เพื่อใช้ทำการเกษตร,8700.65,6826.01,7391,5986,7195,9445.5,988.9,788.6,654.45,3
158,ภาคกลาง,สมุทรสาคร,เพื่อใช้ในการศึกษา,0.0,0.0,913,1138,1973,90.1,1232.0,520.2,265.3,3
159,ภาคกลาง,สมุทรสาคร,เพื่อใช้ซื้อ/เช่าซื้อบ้านและที่ดิน,0.0,32415.06,63903,32026,39903,71361.4,16776.2,86803.6,77088.09,2
160,ภาคกลาง,สมุทรสาคร,อื่น ๆ,246.45,0.0,2624,0,24,22.8,0.0,193.8,128.36,3
161,ภาคกลาง,สมุทรสงคราม,หนี้สินทั้งสิ้น,48362.89,23532.65,8411,5778,27061,9244.0,9857.2,8089.8,130743.39,0
162,ภาคกลาง,สมุทรสงคราม,เพื่อใช้จ่ายในครัวเรือน,17148.27,8491.04,1376,1266,17077,5686.6,657.9,684.0,45884.53,3
163,ภาคกลาง,สมุทรสงคราม,เพื่อใช้ทำธุรกิจที่ไม่ใช่การเกษตร,19797.3,3744.09,3767,630,2097,2761.9,5017.5,76.9,15379.27,3
164,ภาคกลาง,สมุทรสงคราม,เพื่อใช้ทำการเกษตร,11417.31,1118.5,1066,329,288,220.6,15.7,336.1,15333.14,3
165,ภาคกลาง,สมุทรสงคราม,เพื่อใช้ในการศึกษา,0.0,0.0,416,555,215,0.0,9.9,22.9,705.05,3
166,ภาคกลาง,สมุทรสงคราม,เพื่อใช้ซื้อ/เช่าซื้อบ้านและที่ดิน,0.0,8721.85,1717,2911,6769,574.9,4156.2,6969.9,53429.61,3
167,ภาคกลาง,สมุทรสงคราม,อื่น ๆ,0.0,1457.15,69,87,614,0.0,0.0,0.0,11.79,3
168,ภาคกลาง,เพชรบุรี,หนี้สินทั้งสิ้น,94256.83,82149.75,85158,76667,70298,125291.2,109519.0,170521.8,226174.5,1
169,ภาคกลาง,เพชรบุรี,เพื่อใช้จ่ายในครัวเรือน,53272.02,26167.77,37560,29550,26872,47528.2,56629.8,64260.1,69601.36,2
170,ภาคกลาง,เพชรบุรี,เพื่อใช้ทำธุรกิจที่ไม่ใช่การเกษตร,7946.45,13325.36,14369,18785,16265,26382.4,11634.6,23928.0,17224.62,0
171,ภาคกลาง,เพชรบุรี,เพื่อใช้ทำการเกษตร,32873.78,29283.79,18675,15121,15229,9654.9,11128.3,27835.6,29757.74,0
172,ภาคกลาง,เพชรบุรี,เพื่อใช้ในการศึกษา,0.0,0.0,817,1581,732,3398.2,1276.3,555.2,2400.05,3
173,ภาคกลาง,เพชรบุรี,เพื่อใช้ซื้อ/เช่าซื้อบ้านและที่ดิน,0.0,13260.65,9298,11054,10825,38327.5,28850.0,53629.5,92554.51,0
174,ภาคกลาง,เพชรบุรี,อื่น ๆ,164.56,112.15,4439,577,375,0.0,0.0,313.4,14636.22,3
175,ภาคกลาง,ประจวบคีรีขันธ์,หนี้สินทั้งสิ้น,57042.19,79518.95,128589,140536,173821,159828.4,222218.9,168373.8,160756.74,1
176,ภาคกลาง,ประจวบคีรีขันธ์,เพื่อใช้จ่ายในครัวเรือน,18853.67,15979.95,27524,50404,52915,35958.9,79370.3,63583.0,71218.64,2
177,ภาคกลาง,ประจวบคีรีขันธ์,เพื่อใช้ทำธุรกิจที่ไม่ใช่การเกษตร,20838.66,4946.11,26255,29074,33355,8444.0,32949.3,31304.6,20939.49,0
178,ภาคกลาง,ประจวบคีรีขันธ์,เพื่อใช้ทำการเกษตร,15967.92,18082.19,24449,33560,21187,18828.6,26914.0,27479.5,31099.04,0
179,ภาคกลาง,ประจวบคีรีขันธ์,เพื่อใช้ในการศึกษา,0.0,0.0,1621,795,3489,290.5,809.3,474.9,1045.5,3
180,ภาคกลาง,ประจวบคีรีขันธ์,เพื่อใช้ซื้อ/เช่าซื้อบ้านและที่ดิน,0.0,40015.48,45670,25237,62653,95944.6,82010.3,45531.7,36454.06,2
181,ภาคกลาง,ประจวบคีรีขันธ์,อื่น ๆ,1381.92,495.2,3070,1466,222,361.9,165.7,0.0,0.0,3
182,ภาคเหนือ,เชียงใหม่,หนี้สินทั้งสิ้น,68716.15,91892.28,114321,93611,131525,89080.1,39182.4,31195.5,115219.73,2
183,ภาคเหนือ,เชียงใหม่,เพื่อใช้จ่ายในครัวเรือน,45549.44,28995.46,27236,28582,39796,28998.6,14110.6,16372.7,51373.45,0
184,ภาคเหนือ,เชียงใหม่,เพื่อใช้ทำธุรกิจที่ไม่ใช่การเกษตร,14560.98,11232.33,10717,13858,40668,18353.3,1079.9,1093.2,4297.98,3
185,ภาคเหนือ,เชียงใหม่,เพื่อใช้ทำการเกษตร,8605.72,18432.47,18559,18514,21859,16478.2,11912.9,7216.2,19817.0,3
186,ภาคเหนือ,เชียงใหม่,เพื่อใช้ในการศึกษา,0.0,0.0,7059,4348,4546,1605.5,2046.3,434.1,525.16,3
187,ภาคเหนือ,เชียงใหม่,เพื่อใช้ซื้อ/เช่าซื้อบ้านและที่ดิน,0.0,31428.26,46647,27800,23716,23388.9,10032.8,6039.1,39206.14,0
188,ภาคเหนือ,เชียงใหม่,อื่น ๆ,0.0,1803.73,4102,510,942,255.6,0.0,40.3,0.0,3
189,ภาคเหนือ,ลำพูน,หนี้สินทั้งสิ้น,75364.49,147881.74,119570,108318,180285,177829.8,188174.2,231587.4,228038.63,4
190,ภาคเหนือ,ลำพูน,เพื่อใช้จ่ายในครัวเรือน,36942.96,33342.94,34890,32755,56663,60414.0,70186.6,101090.8,98306.24,2
191,ภาคเหนือ,ลำพูน,เพื่อใช้ทำธุรกิจที่ไม่ใช่การเกษตร,13938.55,16291.63,12258,15561,27506,21916.6,19108.0,19485.5,9069.81,0
192,ภาคเหนือ,ลำพูน,เพื่อใช้ทำการเกษตร,24482.97,38046.81,26634,24456,21319,32459.1,31353.9,25501.0,28845.13,0
193,ภาคเหนือ,ลำพูน,เพื่อใช้ในการศึกษา,0.0,0.0,7251,3169,4960,7066.4,3141.1,9102.3,11929.68,3
194,ภาคเหนือ,ลำพูน,เพื่อใช้ซื้อ/เช่าซื้อบ้านและที่ดิน,0.0,58735.4,37110,27953,66923,52376.1,64384.7,76006.8,77948.26,2
195,ภาคเหนือ,ลำพูน,อื่น ๆ,0.0,1464.94,1427,4425,2914,3597.6,0.0,401.1,1939.5,3
196,ภาคเหนือ,ลำปาง,หนี้สินทั้งสิ้น,44629.47,71597.26,152660,116734,91695,157079.6,174046.2,119215.7,197835.52,1
197,ภาคเหนือ,ลำปาง,เพื่อใช้จ่ายในครัวเรือน,30903.8,32748.6,48509,42355,26033,48530.6,52914.0,46234.1,100423.73,2
198,ภาคเหนือ,ลำปาง,เพื่อใช้ทำธุรกิจที่ไม่ใช่การเกษตร,8881.61,8085.35,43578,13353,12079,15562.4,11474.2,12532.5,20337.05,0
199,ภาคเหนือ,ลำปาง,เพื่อใช้ทำการเกษตร,3184.86,9806.86,8595,6839,12318,13576.5,23167.3,19067.3,18634.51,3
200,ภาคเหนือ,ลำปาง,เพื่อใช้ในการศึกษา,0.0,0.0,10527,5101,4509,10359.4,6460.1,4597.0,8704.06,3
201,ภาคเหนือ,ลำปาง,เพื่อใช้ซื้อ/เช่าซื้อบ้านและที่ดิน,0.0,19684.81,38360,38712,35244,67632.5,79867.2,36784.9,49736.17,2
202,ภาคเหนือ,ลำปาง,อื่น ๆ,1659.18,1271.62,3090,10374,1513,1418.2,163.3,0.0,0.0,3
203,ภาคเหนือ,อุตรดิตถ์,หนี้สินทั้งสิ้น,42716.8,86236.55,125520,109336,99686,112976.1,125871.4,149575.8,156686.24,1
204,ภาคเหนือ,อุตรดิตถ์,เพื่อใช้จ่ายในครัวเรือน,16085.44,31479.1,31576,37585,27520,44518.9,52534.2,56265.0,47333.28,0
205,ภาคเหนือ,อุตรดิตถ์,เพื่อใช้ทำธุรกิจที่ไม่ใช่การเกษตร,14259.77,8982.64,15668,16586,21909,14996.4,17016.3,10674.3,21830.05,0
206,ภาคเหนือ,อุตรดิตถ์,เพื่อใช้ทำการเกษตร,12119.7,17762.74,20656,24656,21688,25742.7,35890.4,36380.6,42156.93,0
207,ภาคเหนือ,อุตรดิตถ์,เพื่อใช้ในการศึกษา,0.0,0.0,3943,4723,3497,1895.8,641.4,1589.9,4348.19,3
208,ภาคเหนือ,อุตรดิตถ์,เพื่อใช้ซื้อ/เช่าซื้อบ้านและที่ดิน,0.0,27277.22,45940,24064,21288,24512.0,19396.8,43689.3,39317.58,0
209,ภาคเหนือ,อุตรดิตถ์,อื่น ๆ,251.87,734.84,7737,1722,3785,1310.2,392.3,976.7,1700.21,3
210,ภาคเหนือ,แพร่,หนี้สินทั้งสิ้น,62063.86,90844.49,64098,117489,83630,131010.3,149356.5,180460.2,158584.69,1
211,ภาคเหนือ,แพร่,เพื่อใช้จ่ายในครัวเรือน,43506.53,45462.06,31158,45425,43361,61719.1,84272.4,109978.0,83187.75,2
212,ภาคเหนือ,แพร่,เพื่อใช้ทำธุรกิจที่ไม่ใช่การเกษตร,13542.5,11697.15,10790,18951,13978,21956.4,26677.0,23524.2,33477.3,0
213,ภาคเหนือ,แพร่,เพื่อใช้ทำการเกษตร,4846.38,7674.77,8696,17359,11179,24817.4,11373.3,25374.5,20376.66,3
214,ภาคเหนือ,แพร่,เพื่อใช้ในการศึกษา,0.0,0.0,1897,3223,699,1089.5,461.0,1643.4,2825.21,3
215,ภาคเหนือ,แพร่,เพื่อใช้ซื้อ/เช่าซื้อบ้านและที่ดิน,0.0,25748.8,11101,32492,14108,21427.8,26450.5,19940.1,18611.84,0
216,ภาคเหนือ,แพร่,อื่น ๆ,168.44,261.7,455,40,303,0.0,122.3,0.0,105.93,3
217,ภาคเหนือ,น่าน,หนี้สินทั้งสิ้น,60272.83,122034.87,107155,127523,165434,126773.6,188160.5,162325.3,201991.5,1
218,ภาคเหนือ,น่าน,เพื่อใช้จ่ายในครัวเรือน,37980.84,33424.9,25479,30920,58027,42697.9,57134.3,68815.0,57873.51,2
219,ภาคเหนือ,น่าน,เพื่อใช้ทำธุรกิจที่ไม่ใช่การเกษตร,12398.53,16318.19,27870,13557,10589,14397.0,18071.8,18702.2,24169.34,0
220,ภาคเหนือ,น่าน,เพื่อใช้ทำการเกษตร,9511.47,9260.37,14349,21944,24048,29240.5,41834.5,35468.3,65461.87,0
221,ภาคเหนือ,น่าน,เพื่อใช้ในการศึกษา,0.0,0.0,10967,7322,11585,6132.3,8874.4,3570.4,2559.44,3
222,ภาคเหนือ,น่าน,เพื่อใช้ซื้อ/เช่าซื้อบ้านและที่ดิน,0.0,61817.33,25529,49720,53136,33545.2,62237.7,35025.6,50437.02,0
223,ภาคเหนือ,น่าน,อื่น ๆ,381.98,1214.06,2961,4060,8049,760.7,7.8,743.8,1490.32,3
224,ภาคเหนือ,พะเยา,หนี้สินทั้งสิ้น,65645.6,54985.96,101306,116854,102774,104637.5,80662.6,148001.4,150059.13,1
225,ภาคเหนือ,พะเยา,เพื่อใช้จ่ายในครัวเรือน,45240.16,25877.81,37059,27801,18196,27608.2,20980.0,60694.4,40745.73,0
226,ภาคเหนือ,พะเยา,เพื่อใช้ทำธุรกิจที่ไม่ใช่การเกษตร,9512.94,5122.31,10555,18586,9916,9885.2,6906.7,7191.0,10567.37,3
227,ภาคเหนือ,พะเยา,เพื่อใช้ทำการเกษตร,9404.96,10896.42,19051,20447,26024,24322.5,28689.1,40001.9,29849.87,0
228,ภาคเหนือ,พะเยา,เพื่อใช้ในการศึกษา,0.0,0.0,6866,6390,5153,7768.7,5982.2,9199.8,10631.57,3
229,ภาคเหนือ,พะเยา,เพื่อใช้ซื้อ/เช่าซื้อบ้านและที่ดิน,0.0,11785.53,26947,35934,42456,32303.3,17218.6,28753.9,54187.26,0
230,ภาคเหนือ,พะเยา,อื่น ๆ,1487.53,1303.88,829,7696,1031,2749.6,885.9,2160.4,4077.33,3
231,ภาคเหนือ,เชียงราย,หนี้สินทั้งสิ้น,51400.19,95424.26,114376,101202,94392,111091.5,44955.7,73166.0,30607.56,2
232,ภาคเหนือ,เชียงราย,เพื่อใช้จ่ายในครัวเรือน,25765.93,18384.72,21576,29670,29376,24210.7,14111.9,28420.3,10244.79,0
233,ภาคเหนือ,เชียงราย,เพื่อใช้ทำธุรกิจที่ไม่ใช่การเกษตร,12276.22,13762.62,9285,20644,9689,27737.0,7607.9,11774.4,2351.86,3
234,ภาคเหนือ,เชียงราย,เพื่อใช้ทำการเกษตร,13358.03,23855.51,22737,21586,25537,20909.5,18428.6,16416.0,11879.3,0
235,ภาคเหนือ,เชียงราย,เพื่อใช้ในการศึกษา,0.0,0.0,5374,2412,2066,2205.8,0.0,847.9,3653.4,3
236,ภาคเหนือ,เชียงราย,เพื่อใช้ซื้อ/เช่าซื้อบ้านและที่ดิน,0.0,35623.75,51267,22885,27410,35131.5,4807.4,15113.5,2242.55,0
237,ภาคเหนือ,เชียงราย,อื่น ๆ,0.0,3797.64,4138,4004,314,897.0,0.0,593.9,235.66,3
238,ภาคเหนือ,แม่ฮ่องสอน,หนี้สินทั้งสิ้น,25389.82,58187.45,33352,63553,32562,41957.3,38341.2,123172.3,122601.91,2
239,ภาคเหนือ,แม่ฮ่องสอน,เพื่อใช้จ่ายในครัวเรือน,11096.85,24519.94,9245,8574,10949,10895.2,18882.4,56596.5,57280.74,0
240,ภาคเหนือ,แม่ฮ่องสอน,เพื่อใช้ทำธุรกิจที่ไม่ใช่การเกษตร,7795.06,5662.89,4516,35723,2963,8303.4,2233.8,10216.8,15520.96,3
241,ภาคเหนือ,แม่ฮ่องสอน,เพื่อใช้ทำการเกษตร,6497.9,9835.41,7282,6957,5549,4320.8,8528.8,12658.3,13826.97,3
242,ภาคเหนือ,แม่ฮ่องสอน,เพื่อใช้ในการศึกษา,0.0,0.0,1168,1115,1718,3084.9,1197.0,5738.2,2013.63,3
243,ภาคเหนือ,แม่ฮ่องสอน,เพื่อใช้ซื้อ/เช่าซื้อบ้านและที่ดิน,0.0,17149.48,10583,10035,11079,15134.1,7468.2,37500.9,33959.62,0
244,ภาคเหนือ,แม่ฮ่องสอน,อื่น ๆ,0.0,1019.71,557,1149,303,218.8,31.0,461.5,0.0,3
245,ภาคเหนือ,นครสวรรค์,หนี้สินทั้งสิ้น,45542.71,82101.47,139995,145170,144951,174706.2,232770.7,188941.4,211665.9,4
246,ภาคเหนือ,นครสวรรค์,เพื่อใช้จ่ายในครัวเรือน,15431.63,11787.64,29886,27409,27008,46704.0,49245.1,59556.8,69916.33,2
247,ภาคเหนือ,นครสวรรค์,เพื่อใช้ทำธุรกิจที่ไม่ใช่การเกษตร,4147.3,5608.69,17973,50196,24165,13494.9,103864.1,23809.5,15322.23,0
248,ภาคเหนือ,นครสวรรค์,เพื่อใช้ทำการเกษตร,25178.2,51293.01,49507,39040,38029,52374.9,52757.5,33453.6,40737.58,0
249,ภาคเหนือ,นครสวรรค์,เพื่อใช้ในการศึกษา,0.0,0.0,3052,713,1072,1508.4,298.7,1182.2,1923.87,3
250,ภาคเหนือ,นครสวรรค์,เพื่อใช้ซื้อ/เช่าซื้อบ้านและที่ดิน,0.0,13021.37,39407,26612,54581,60500.3,21998.8,70772.9,83152.89,2
251,ภาคเหนือ,นครสวรรค์,อื่น ๆ,785.57,390.73,170,1200,96,123.6,4606.4,166.3,613.0,3
252,ภาคเหนือ,อุทัยธานี,หนี้สินทั้งสิ้น,33576.47,84975.06,106149,121374,139482,140001.2,219238.0,194461.6,263755.35,4
253,ภาคเหนือ,อุทัยธานี,เพื่อใช้จ่ายในครัวเรือน,13760.6,22857.01,19690,28580,48792,51658.9,65572.3,85320.2,101384.27,2
254,ภาคเหนือ,อุทัยธานี,เพื่อใช้ทำธุรกิจที่ไม่ใช่การเกษตร,2855.23,4525.4,14691,9891,12221,8561.9,21301.9,14168.8,10244.76,3
255,ภาคเหนือ,อุทัยธานี,เพื่อใช้ทำการเกษตร,16960.63,26352.84,34900,42728,41694,41965.2,60150.3,71147.1,77046.06,2
256,ภาคเหนือ,อุทัยธานี,เพื่อใช้ในการศึกษา,0.0,0.0,2674,1698,2560,1421.3,487.9,713.4,5478.67,3
257,ภาคเหนือ,อุทัยธานี,เพื่อใช้ซื้อ/เช่าซื้อบ้านและที่ดิน,0.0,30222.24,32226,31048,31019,34669.8,70618.0,22762.1,57111.8,0
258,ภาคเหนือ,อุทัยธานี,อื่น ๆ,0.0,1017.55,1968,7430,3197,1724.2,1107.5,349.9,12489.79,3
259,ภาคเหนือ,กำแพงเพชร,หนี้สินทั้งสิ้น,64714.17,94754.87,130939,117473,98772,105744.8,178671.6,204669.2,210409.54,1
260,ภาคเหนือ,กำแพงเพชร,เพื่อใช้จ่ายในครัวเรือน,23111.51,18374.23,26952,26705,28355,23054.9,65952.3,57647.7,47382.39,0
261,ภาคเหนือ,กำแพงเพชร,เพื่อใช้ทำธุรกิจที่ไม่ใช่การเกษตร,7702.29,7126.04,40380,18282,8070,6791.8,7750.9,42789.4,9832.72,0
262,ภาคเหนือ,กำแพงเพชร,เพื่อใช้ทำการเกษตร,30898.53,41779.91,40935,41695,32879,50031.7,57797.9,77687.3,113288.48,2
263,ภาคเหนือ,กำแพงเพชร,เพื่อใช้ในการศึกษา,0.0,0.0,1632,3510,1532,1291.6,1428.5,501.7,1426.59,3
264,ภาคเหนือ,กำแพงเพชร,เพื่อใช้ซื้อ/เช่าซื้อบ้านและที่ดิน,0.0,23755.08,18122,20632,18422,22828.3,45363.2,25795.3,37883.13,0
265,ภาคเหนือ,กำแพงเพชร,อื่น ๆ,3001.82,3719.59,2918,6650,9514,1746.3,378.9,247.9,596.23,3
266,ภาคเหนือ,ตาก,หนี้สินทั้งสิ้น,34293.41,77658.11,80859,62642,77591,60389.5,120246.1,145791.2,127988.45,1
267,ภาคเหนือ,ตาก,เพื่อใช้จ่ายในครัวเรือน,21645.22,31002.35,18233,21002,21645,22298.2,58539.2,61943.2,44850.91,0
268,ภาคเหนือ,ตาก,เพื่อใช้ทำธุรกิจที่ไม่ใช่การเกษตร,2702.06,3029.12,10943,3393,11472,3647.6,16023.9,18795.5,18642.27,3
269,ภาคเหนือ,ตาก,เพื่อใช้ทำการเกษตร,9197.76,11983.97,9840,12649,20003,16258.6,18320.2,13204.8,19579.29,3
270,ภาคเหนือ,ตาก,เพื่อใช้ในการศึกษา,0.0,0.0,3252,2906,3202,3296.3,4583.3,4827.4,6386.15,3
271,ภาคเหนือ,ตาก,เพื่อใช้ซื้อ/เช่าซื้อบ้านและที่ดิน,0.0,30193.62,36365,20513,19207,13763.9,22741.2,46284.1,38337.68,0
272,ภาคเหนือ,ตาก,อื่น ๆ,748.35,1449.02,2226,2180,2061,1124.9,38.3,736.2,192.15,3
273,ภาคเหนือ,สุโขทัย,หนี้สินทั้งสิ้น,50398.26,73740.36,108027,85399,102003,122771.5,176297.9,218301.7,230997.89,1
274,ภาคเหนือ,สุโขทัย,เพื่อใช้จ่ายในครัวเรือน,20232.27,26814.89,22650,23063,42494,37967.5,79219.0,64260.6,65121.4,2
275,ภาคเหนือ,สุโขทัย,เพื่อใช้ทำธุรกิจที่ไม่ใช่การเกษตร,11654.41,15721.99,37863,5768,11209,7876.9,16765.7,31120.1,36517.27,0
276,ภาคเหนือ,สุโขทัย,เพื่อใช้ทำการเกษตร,18025.93,19665.1,25518,34169,28111,53569.0,39776.3,85392.6,70387.89,2
277,ภาคเหนือ,สุโขทัย,เพื่อใช้ในการศึกษา,0.0,0.0,2088,5266,1202,1178.6,772.5,2698.9,2199.84,3
278,ภาคเหนือ,สุโขทัย,เพื่อใช้ซื้อ/เช่าซื้อบ้านและที่ดิน,0.0,11081.86,18121,13681,17643,20440.0,36182.9,32967.1,53942.92,0
279,ภาคเหนือ,สุโขทัย,อื่น ๆ,485.63,456.5,1788,3453,1344,1739.5,3581.6,1862.5,2828.58,3
280,ภาคเหนือ,พิษณุโลก,หนี้สินทั้งสิ้น,71504.34,152893.42,115282,110830,128177,157765.7,224876.4,263134.8,273212.39,4
281,ภาคเหนือ,พิษณุโลก,เพื่อใช้จ่ายในครัวเรือน,53712.03,38341.53,45373,47266,30292,61958.6,66575.0,96042.3,104231.98,2
282,ภาคเหนือ,พิษณุโลก,เพื่อใช้ทำธุรกิจที่ไม่ใช่การเกษตร,3387.14,16044.27,9447,12833,17425,11183.4,50968.4,38551.1,42068.94,0
283,ภาคเหนือ,พิษณุโลก,เพื่อใช้ทำการเกษตร,13760.3,16654.79,28702,28944,41203,56440.6,54350.8,92366.7,91685.28,2
284,ภาคเหนือ,พิษณุโลก,เพื่อใช้ในการศึกษา,0.0,0.0,3349,1772,2042,1262.9,3953.9,2933.1,1638.93,3
285,ภาคเหนือ,พิษณุโลก,เพื่อใช้ซื้อ/เช่าซื้อบ้านและที่ดิน,0.0,81503.39,26696,19094,36476,23959.3,48309.8,33241.7,30115.5,0
286,ภาคเหนือ,พิษณุโลก,อื่น ๆ,644.85,349.42,1716,921,738,2961.0,718.6,0.0,3471.76,3
287,ภาคเหนือ,พิจิตร,หนี้สินทั้งสิ้น,97142.1,119655.77,104379,143162,138861,161004.5,208219.2,148750.8,176992.3,1
288,ภาคเหนือ,พิจิตร,เพื่อใช้จ่ายในครัวเรือน,29569.53,30295.43,22518,36238,31785,60863.1,41623.4,65256.6,70044.41,2
289,ภาคเหนือ,พิจิตร,เพื่อใช้ทำธุรกิจที่ไม่ใช่การเกษตร,26127.39,15646.03,8689,11069,15091,32804.2,98872.0,14220.0,15999.1,0
290,ภาคเหนือ,พิจิตร,เพื่อใช้ทำการเกษตร,40618.59,42262.97,39019,49246,32373,38547.8,46213.2,47979.7,66362.02,2
291,ภาคเหนือ,พิจิตร,เพื่อใช้ในการศึกษา,0.0,0.0,1722,4251,2886,295.7,23.0,101.5,497.86,3
292,ภาคเหนือ,พิจิตร,เพื่อใช้ซื้อ/เช่าซื้อบ้านและที่ดิน,0.0,30927.21,32222,40430,54160,26354.7,21487.6,21193.0,23951.56,0
293,ภาคเหนือ,พิจิตร,อื่น ๆ,826.58,524.12,209,1927,2566,2138.9,0.0,0.0,137.36,3
294,ภาคเหนือ,เพชรบูรณ์,หนี้สินทั้งสิ้น,48507.39,93275.99,116290,123574,156388,91929.5,103320.4,148666.6,161800.29,1
295,ภาคเหนือ,เพชรบูรณ์,เพื่อใช้จ่ายในครัวเรือน,22604.63,23162.68,37422,35245,41118,44490.7,36063.0,45793.1,74523.94,2
296,ภาคเหนือ,เพชรบูรณ์,เพื่อใช้ทำธุรกิจที่ไม่ใช่การเกษตร,1679.54,21877.23,15354,12925,19436,2729.1,6483.7,24923.9,15788.79,3
297,ภาคเหนือ,เพชรบูรณ์,เพื่อใช้ทำการเกษตร,22928.57,27861.19,20435,25575,35394,30042.0,36018.9,66064.6,61608.63,0
298,ภาคเหนือ,เพชรบูรณ์,เพื่อใช้ในการศึกษา,0.0,0.0,1956,659,8678,1543.2,506.9,589.3,2809.46,3
299,ภาคเหนือ,เพชรบูรณ์,เพื่อใช้ซื้อ/เช่าซื้อบ้านและที่ดิน,0.0,18022.54,30383,46142,41885,12618.2,23565.1,11128.7,5526.2,0
300,ภาคเหนือ,เพชรบูรณ์,อื่น ๆ,1294.63,2352.35,10741,3027,9877,506.3,682.9,167.0,1543.25,3
301,ภาคตะวันออกเฉียงเหนือ,นครราชสีมา,หนี้สินทั้งสิ้น,51017.46,87239.15,93790,108337,134654,116108.4,170703.4,245760.1,223238.94,1
302,ภาคตะวันออกเฉียงเหนือ,นครราชสีมา,เพื่อใช้จ่ายในครัวเรือน,31081.05,33357.73,38726,54856,49505,51403.0,74166.6,110108.5,100361.5,2
303,ภาคตะวันออกเฉียงเหนือ,นครราชสีมา,เพื่อใช้ทำธุรกิจที่ไม่ใช่การเกษตร,3947.07,12019.59,15959,14278,19679,16690.7,7709.5,10801.9,13236.53,3
304,ภาคตะวันออกเฉียงเหนือ,นครราชสีมา,เพื่อใช้ทำการเกษตร,13434.38,22826.15,19168,21953,23956,30399.0,32622.5,88505.6,50727.66,0
305,ภาคตะวันออกเฉียงเหนือ,นครราชสีมา,เพื่อใช้ในการศึกษา,0.0,0.0,2302,595,2015,3228.9,2039.9,1350.1,3871.14,3
306,ภาคตะวันออกเฉียงเหนือ,นครราชสีมา,เพื่อใช้ซื้อ/เช่าซื้อบ้านและที่ดิน,0.0,18433.73,16523,15542,35587,14221.0,52254.7,33731.6,55024.41,0
307,ภาคตะวันออกเฉียงเหนือ,นครราชสีมา,อื่น ๆ,2554.94,601.93,1112,1113,3912,165.8,1910.2,1262.3,17.71,3
308,ภาคตะวันออกเฉียงเหนือ,บุรีรัมย์,หนี้สินทั้งสิ้น,60659.66,87584.94,100336,83032,117943,161894.9,117814.4,159766.1,131638.13,1
309,ภาคตะวันออกเฉียงเหนือ,บุรีรัมย์,เพื่อใช้จ่ายในครัวเรือน,37827.56,42994.48,46073,48033,46845,75833.5,62672.4,69193.1,71607.34,2
310,ภาคตะวันออกเฉียงเหนือ,บุรีรัมย์,เพื่อใช้ทำธุรกิจที่ไม่ใช่การเกษตร,4139.7,9272.56,6491,5076,6314,7568.6,6366.4,9871.8,10856.72,3
311,ภาคตะวันออกเฉียงเหนือ,บุรีรัมย์,เพื่อใช้ทำการเกษตร,10431.18,15243.78,17625,17231,25152,19465.1,20738.7,38528.2,21822.89,0
312,ภาคตะวันออกเฉียงเหนือ,บุรีรัมย์,เพื่อใช้ในการศึกษา,0.0,0.0,7979,1422,5377,7786.4,1300.8,1913.5,1718.36,3
313,ภาคตะวันออกเฉียงเหนือ,บุรีรัมย์,เพื่อใช้ซื้อ/เช่าซื้อบ้านและที่ดิน,0.0,18209.36,7053,8889,29965,47160.3,19015.3,39276.6,23555.59,0
314,ภาคตะวันออกเฉียงเหนือ,บุรีรัมย์,อื่น ๆ,8261.2,1864.74,15116,2381,4291,4081.0,7720.8,983.0,2077.22,3
315,ภาคตะวันออกเฉียงเหนือ,สุรินทร์,หนี้สินทั้งสิ้น,50249.41,87598.32,143741,111983,118378,196381.1,187497.5,246348.3,251796.15,4
316,ภาคตะวันออกเฉียงเหนือ,สุรินทร์,เพื่อใช้จ่ายในครัวเรือน,39806.4,38944.51,33977,35833,36185,94025.9,33991.7,141769.5,80632.49,2
317,ภาคตะวันออกเฉียงเหนือ,สุรินทร์,เพื่อใช้ทำธุรกิจที่ไม่ใช่การเกษตร,5176.55,8302.88,17112,15128,10540,16423.9,11658.0,6552.6,36147.88,3
318,ภาคตะวันออกเฉียงเหนือ,สุรินทร์,เพื่อใช้ทำการเกษตร,3821.12,13926.16,12109,17884,23886,27355.4,39088.1,48348.7,27097.83,0
319,ภาคตะวันออกเฉียงเหนือ,สุรินทร์,เพื่อใช้ในการศึกษา,0.0,0.0,7722,2292,5878,2721.2,12354.7,3430.7,2686.25,3
320,ภาคตะวันออกเฉียงเหนือ,สุรินทร์,เพื่อใช้ซื้อ/เช่าซื้อบ้านและที่ดิน,0.0,25170.22,68724,34414,38526,53282.3,77717.6,41528.8,104826.75,2
321,ภาคตะวันออกเฉียงเหนือ,สุรินทร์,อื่น ๆ,1445.33,1254.53,4098,6432,3361,2572.5,12687.3,4718.0,404.94,3
322,ภาคตะวันออกเฉียงเหนือ,ศรีสะเกษ,หนี้สินทั้งสิ้น,60652.18,71816.26,95247,99032,88342,112525.5,191056.9,135277.4,189527.94,1
323,ภาคตะวันออกเฉียงเหนือ,ศรีสะเกษ,เพื่อใช้จ่ายในครัวเรือน,36166.29,29772.72,45018,35880,34383,57345.9,88411.9,92184.4,100169.12,2
324,ภาคตะวันออกเฉียงเหนือ,ศรีสะเกษ,เพื่อใช้ทำธุรกิจที่ไม่ใช่การเกษตร,10106.69,10391.1,6461,8522,8161,11752.3,17709.6,5963.7,15569.49,3
325,ภาคตะวันออกเฉียงเหนือ,ศรีสะเกษ,เพื่อใช้ทำการเกษตร,14352.8,14327.87,17171,23891,34818,30698.1,33009.3,30965.2,41780.32,0
326,ภาคตะวันออกเฉียงเหนือ,ศรีสะเกษ,เพื่อใช้ในการศึกษา,0.0,0.0,3043,2386,2720,142.3,2843.7,274.4,6514.41,3
327,ภาคตะวันออกเฉียงเหนือ,ศรีสะเกษ,เพื่อใช้ซื้อ/เช่าซื้อบ้านและที่ดิน,0.0,16767.28,18450,24513,7409,12405.4,48854.1,5685.5,24787.09,0
328,ภาคตะวันออกเฉียงเหนือ,ศรีสะเกษ,อื่น ๆ,26.39,557.28,5104,3840,851,181.5,228.2,204.2,707.52,3
329,ภาคตะวันออกเฉียงเหนือ,อุบลราชธานี,หนี้สินทั้งสิ้น,70782.9,80416.79,95706,105811,116045,173064.9,166221.9,136208.0,195122.11,1
330,ภาคตะวันออกเฉียงเหนือ,อุบลราชธานี,เพื่อใช้จ่ายในครัวเรือน,30373.78,34064.96,33218,56809,60319,104806.8,111162.9,77425.4,116713.76,2
331,ภาคตะวันออกเฉียงเหนือ,อุบลราชธานี,เพื่อใช้ทำธุรกิจที่ไม่ใช่การเกษตร,30900.72,7829.38,39565,9340,17027,12011.4,15600.0,22411.6,8057.95,0
332,ภาคตะวันออกเฉียงเหนือ,อุบลราชธานี,เพื่อใช้ทำการเกษตร,9090.76,20169.46,11077,15305,21907,21473.5,25988.8,16589.4,38156.75,0
333,ภาคตะวันออกเฉียงเหนือ,อุบลราชธานี,เพื่อใช้ในการศึกษา,0.0,0.0,1955,373,645,2103.4,827.9,1562.7,2155.89,3
334,ภาคตะวันออกเฉียงเหนือ,อุบลราชธานี,เพื่อใช้ซื้อ/เช่าซื้อบ้านและที่ดิน,0.0,17377.45,8909,23985,16147,31744.0,12642.4,18218.8,30037.76,0
335,ภาคตะวันออกเฉียงเหนือ,อุบลราชธานี,อื่น ๆ,417.63,975.52,983,0,0,925.8,0.0,0.0,0.0,3
336,ภาคตะวันออกเฉียงเหนือ,ยโสธร,หนี้สินทั้งสิ้น,38359.12,79655.65,78766,60451,85676,165082.4,63643.2,123720.3,121376.78,1
337,ภาคตะวันออกเฉียงเหนือ,ยโสธร,เพื่อใช้จ่ายในครัวเรือน,28303.82,36922.56,29766,20797,33444,106283.3,47911.9,68170.9,80326.01,2
338,ภาคตะวันออกเฉียงเหนือ,ยโสธร,เพื่อใช้ทำธุรกิจที่ไม่ใช่การเกษตร,5600.84,5577.82,10169,7988,14264,37633.6,1185.0,30393.6,8531.78,3
339,ภาคตะวันออกเฉียงเหนือ,ยโสธร,เพื่อใช้ทำการเกษตร,4441.41,11120.35,13816,9497,14568,6540.9,9083.2,18995.8,20168.42,3
340,ภาคตะวันออกเฉียงเหนือ,ยโสธร,เพื่อใช้ในการศึกษา,0.0,0.0,3862,1392,733,2380.5,90.1,1012.3,988.04,3
341,ภาคตะวันออกเฉียงเหนือ,ยโสธร,เพื่อใช้ซื้อ/เช่าซื้อบ้านและที่ดิน,0.0,24874.33,20347,19643,22148,12244.1,5373.0,5147.7,11362.52,3
342,ภาคตะวันออกเฉียงเหนือ,ยโสธร,อื่น ๆ,13.03,1160.56,806,1135,519,0.0,0.0,0.0,0.0,3
343,ภาคตะวันออกเฉียงเหนือ,ชัยภูมิ,หนี้สินทั้งสิ้น,38379.09,78324.74,96854,91550,103092,105133.6,164134.9,155901.8,194195.09,1
344,ภาคตะวันออกเฉียงเหนือ,ชัยภูมิ,เพื่อใช้จ่ายในครัวเรือน,18694.82,21993.84,36756,28604,54350,37744.2,79125.4,69624.5,71821.93,2
345,ภาคตะวันออกเฉียงเหนือ,ชัยภูมิ,เพื่อใช้ทำธุรกิจที่ไม่ใช่การเกษตร,5903.52,12195.28,9682,12819,4327,7499.1,7997.5,23450.6,30435.54,3
346,ภาคตะวันออกเฉียงเหนือ,ชัยภูมิ,เพื่อใช้ทำการเกษตร,13480.08,19441.62,22385,21848,24401,31196.9,40783.9,42883.3,64000.14,0
347,ภาคตะวันออกเฉียงเหนือ,ชัยภูมิ,เพื่อใช้ในการศึกษา,0.0,0.0,4573,1456,3202,1574.6,461.7,475.8,608.75,3
348,ภาคตะวันออกเฉียงเหนือ,ชัยภูมิ,เพื่อใช้ซื้อ/เช่าซื้อบ้านและที่ดิน,0.0,24017.58,22011,26118,16762,25729.0,35147.0,16186.1,27328.73,0
349,ภาคตะวันออกเฉียงเหนือ,ชัยภูมิ,อื่น ๆ,300.65,676.39,1447,704,51,1389.9,619.4,3281.5,0.0,3
350,ภาคตะวันออกเฉียงเหนือ,อำนาจเจริญ,หนี้สินทั้งสิ้น,49225.48,112722.49,96400,109063,159633,145074.3,134560.1,173275.8,226032.61,1
351,ภาคตะวันออกเฉียงเหนือ,อำนาจเจริญ,เพื่อใช้จ่ายในครัวเรือน,26315.76,49615.15,39164,48083,65138,78256.3,57589.7,63775.3,89495.54,2
352,ภาคตะวันออกเฉียงเหนือ,อำนาจเจริญ,เพื่อใช้ทำธุรกิจที่ไม่ใช่การเกษตร,10709.52,18537.96,27906,13324,39867,21169.0,11896.1,19004.6,24343.72,0
353,ภาคตะวันออกเฉียงเหนือ,อำนาจเจริญ,เพื่อใช้ทำการเกษตร,10757.72,14914.95,15500,16938,19230,15240.8,24054.2,49761.3,57248.78,0
354,ภาคตะวันออกเฉียงเหนือ,อำนาจเจริญ,เพื่อใช้ในการศึกษา,0.0,0.0,3755,2298,2989,3094.1,3185.6,4495.8,6418.79,3
355,ภาคตะวันออกเฉียงเหนือ,อำนาจเจริญ,เพื่อใช้ซื้อ/เช่าซื้อบ้านและที่ดิน,0.0,29365.02,9967,28420,32408,27147.4,37813.2,36207.5,46790.17,0
356,ภาคตะวันออกเฉียงเหนือ,อำนาจเจริญ,อื่น ๆ,1442.47,289.38,109,0,0,166.6,21.4,31.3,1735.61,3
357,ภาคตะวันออกเฉียงเหนือ,บึงกาฬ,หนี้สินทั้งสิ้น,0.0,0.0,0,0,0,0.0,69432.0,257989.2,212781.39,2
358,ภาคตะวันออกเฉียงเหนือ,บึงกาฬ,เพื่อใช้จ่ายในครัวเรือน,0.0,0.0,0,0,0,0.0,27282.1,108967.1,133946.94,2
359,ภาคตะวันออกเฉียงเหนือ,บึงกาฬ,เพื่อใช้ทำธุรกิจที่ไม่ใช่การเกษตร,0.0,0.0,0,0,0,0.0,9590.8,75485.2,14493.48,3
360,ภาคตะวันออกเฉียงเหนือ,บึงกาฬ,เพื่อใช้ทำการเกษตร,0.0,0.0,0,0,0,0.0,28102.7,31695.1,40336.54,3
361,ภาคตะวันออกเฉียงเหนือ,บึงกาฬ,เพื่อใช้ในการศึกษา,0.0,0.0,0,0,0,0.0,842.9,5054.1,8369.32,3
362,ภาคตะวันออกเฉียงเหนือ,บึงกาฬ,เพื่อใช้ซื้อ/เช่าซื้อบ้านและที่ดิน,0.0,0.0,0,0,0,0.0,3613.5,36362.1,15635.12,3
363,ภาคตะวันออกเฉียงเหนือ,บึงกาฬ,อื่น ๆ,0.0,0.0,0,0,0,0.0,0.0,425.6,0.0,3
364,ภาคตะวันออกเฉียงเหนือ,หนองบัวลำภู,หนี้สินทั้งสิ้น,64568.62,100559.85,108075,117417,118246,121288.5,96117.6,140079.0,187626.14,1
365,ภาคตะวันออกเฉียงเหนือ,หนองบัวลำภู,เพื่อใช้จ่ายในครัวเรือน,33908.84,29019.33,16961,15916,16621,28464.2,32526.5,55715.3,64875.8,0
366,ภาคตะวันออกเฉียงเหนือ,หนองบัวลำภู,เพื่อใช้ทำธุรกิจที่ไม่ใช่การเกษตร,15094.76,11535.63,15827,11617,25989,12605.9,4618.3,11894.8,29917.67,3
367,ภาคตะวันออกเฉียงเหนือ,หนองบัวลำภู,เพื่อใช้ทำการเกษตร,8048.68,17343.27,16130,20140,18597,30102.1,31495.5,38006.0,38420.76,0
368,ภาคตะวันออกเฉียงเหนือ,หนองบัวลำภู,เพื่อใช้ในการศึกษา,0.0,0.0,6315,7618,3318,9981.0,2860.8,4319.3,5008.93,3
369,ภาคตะวันออกเฉียงเหนือ,หนองบัวลำภู,เพื่อใช้ซื้อ/เช่าซื้อบ้านและที่ดิน,0.0,31970.42,47476,59897,47720,32241.0,21108.9,27604.1,41246.17,0
370,ภาคตะวันออกเฉียงเหนือ,หนองบัวลำภู,อื่น ๆ,7516.33,10691.17,5366,2230,6001,7894.3,3507.7,2539.4,8156.8,3
371,ภาคตะวันออกเฉียงเหนือ,ขอนแก่น,หนี้สินทั้งสิ้น,96172.82,98314.96,80653,119399,113084,77192.8,79849.5,62492.8,90786.53,2
372,ภาคตะวันออกเฉียงเหนือ,ขอนแก่น,เพื่อใช้จ่ายในครัวเรือน,51865.18,34371.85,21845,37701,41377,35086.7,33285.5,37491.2,46780.27,0
373,ภาคตะวันออกเฉียงเหนือ,ขอนแก่น,เพื่อใช้ทำธุรกิจที่ไม่ใช่การเกษตร,16810.28,11055.96,16385,20700,13070,4888.4,11541.8,2827.0,6285.44,3
374,ภาคตะวันออกเฉียงเหนือ,ขอนแก่น,เพื่อใช้ทำการเกษตร,13821.49,22572.61,12924,20466,18842,16694.2,15036.5,15023.7,13298.3,0
375,ภาคตะวันออกเฉียงเหนือ,ขอนแก่น,เพื่อใช้ในการศึกษา,0.0,0.0,4187,3478,2492,3789.9,4582.4,382.1,1468.54,3
376,ภาคตะวันออกเฉียงเหนือ,ขอนแก่น,เพื่อใช้ซื้อ/เช่าซื้อบ้านและที่ดิน,0.0,29458.77,22334,34870,34878,14847.1,13277.3,6768.8,22770.45,0
377,ภาคตะวันออกเฉียงเหนือ,ขอนแก่น,อื่น ๆ,13675.85,855.75,2978,2183,2425,1886.6,2126.1,0.0,183.53,3
378,ภาคตะวันออกเฉียงเหนือ,อุดรธานี,หนี้สินทั้งสิ้น,83792.69,73521.11,97136,104050,118490,165688.1,167665.3,197756.5,171114.39,1
379,ภาคตะวันออกเฉียงเหนือ,อุดรธานี,เพื่อใช้จ่ายในครัวเรือน,49973.35,17582.74,19566,17202,38193,25345.6,70859.8,90271.9,87852.48,2
380,ภาคตะวันออกเฉียงเหนือ,อุดรธานี,เพื่อใช้ทำธุรกิจที่ไม่ใช่การเกษตร,21501.47,24306.29,17686,19188,13788,23464.9,13903.3,26994.8,6211.2,0
381,ภาคตะวันออกเฉียงเหนือ,อุดรธานี,เพื่อใช้ทำการเกษตร,11887.25,15499.2,25535,23646,19567,26039.1,30281.5,29381.2,38362.12,0
382,ภาคตะวันออกเฉียงเหนือ,อุดรธานี,เพื่อใช้ในการศึกษา,0.0,0.0,2669,4161,7818,7186.7,2602.6,3520.3,5718.74,3
383,ภาคตะวันออกเฉียงเหนือ,อุดรธานี,เพื่อใช้ซื้อ/เช่าซื้อบ้านและที่ดิน,0.0,12861.14,25485,33191,30317,56777.5,47826.7,46353.7,31876.81,0
384,ภาคตะวันออกเฉียงเหนือ,อุดรธานี,อื่น ๆ,430.6,3271.73,6195,6662,8807,26874.3,2191.3,1234.6,1093.04,3
385,ภาคตะวันออกเฉียงเหนือ,เลย,หนี้สินทั้งสิ้น,48795.75,79127.16,118555,108560,96423,123951.1,103669.9,169523.4,148123.99,1
386,ภาคตะวันออกเฉียงเหนือ,เลย,เพื่อใช้จ่ายในครัวเรือน,26208.61,30924.72,42338,34500,42071,49309.3,46203.8,58490.5,38080.99,0
387,ภาคตะวันออกเฉียงเหนือ,เลย,เพื่อใช้ทำธุรกิจที่ไม่ใช่การเกษตร,6267.41,4428.99,19143,9873,6338,6714.6,9519.9,30763.5,12876.66,3
388,ภาคตะวันออกเฉียงเหนือ,เลย,เพื่อใช้ทำการเกษตร,15906.48,18320.64,29315,31441,21315,33091.2,31678.0,48628.1,55592.65,0
389,ภาคตะวันออกเฉียงเหนือ,เลย,เพื่อใช้ในการศึกษา,0.0,0.0,4583,9756,4464,2683.3,1565.6,5960.5,794.68,3
390,ภาคตะวันออกเฉียงเหนือ,เลย,เพื่อใช้ซื้อ/เช่าซื้อบ้านและที่ดิน,0.0,25336.94,22719,19159,19839,30863.0,14034.6,25079.0,37565.24,0
391,ภาคตะวันออกเฉียงเหนือ,เลย,อื่น ๆ,413.24,115.86,457,3831,2394,1289.7,668.0,601.8,3213.77,3
392,ภาคตะวันออกเฉียงเหนือ,หนองคาย,หนี้สินทั้งสิ้น,64978.5,90294.63,109812,93981,62462,64423.6,80636.2,107736.3,98462.62,2
393,ภาคตะวันออกเฉียงเหนือ,หนองคาย,เพื่อใช้จ่ายในครัวเรือน,37528.27,30841.88,21084,29752,21309,20369.1,26327.9,39167.1,37907.22,0
394,ภาคตะวันออกเฉียงเหนือ,หนองคาย,เพื่อใช้ทำธุรกิจที่ไม่ใช่การเกษตร,7138.94,19846.55,32503,15713,6039,14861.3,8173.4,4307.0,4725.27,3
395,ภาคตะวันออกเฉียงเหนือ,หนองคาย,เพื่อใช้ทำการเกษตร,13591.83,14131.96,13869,11764,11249,11985.1,13189.6,8742.9,13723.22,3
396,ภาคตะวันออกเฉียงเหนือ,หนองคาย,เพื่อใช้ในการศึกษา,0.0,0.0,5253,4210,2317,2115.4,1524.5,137.7,3148.45,3
397,ภาคตะวันออกเฉียงเหนือ,หนองคาย,เพื่อใช้ซื้อ/เช่าซื้อบ้านและที่ดิน,0.0,21127.71,25628,26843,20825,12214.1,28270.2,55381.5,33940.28,0
398,ภาคตะวันออกเฉียงเหนือ,หนองคาย,อื่น ๆ,6719.45,4346.51,11476,5698,723,2878.6,3150.7,0.0,5018.18,3
399,ภาคตะวันออกเฉียงเหนือ,มหาสารคาม,หนี้สินทั้งสิ้น,67865.64,85820.47,109654,90740,177380,167718.0,194195.1,128257.6,248623.18,1
400,ภาคตะวันออกเฉียงเหนือ,มหาสารคาม,เพื่อใช้จ่ายในครัวเรือน,44074.8,33474.28,43937,32352,73820,71853.9,98661.2,79188.7,111386.25,2
401,ภาคตะวันออกเฉียงเหนือ,มหาสารคาม,เพื่อใช้ทำธุรกิจที่ไม่ใช่การเกษตร,6773.38,9781.55,20872,14481,41840,28401.0,30890.2,20741.3,23051.84,0
402,ภาคตะวันออกเฉียงเหนือ,มหาสารคาม,เพื่อใช้ทำการเกษตร,16471.43,19789.83,24744,23376,24518,44198.2,41572.8,17715.5,43998.17,0
403,ภาคตะวันออกเฉียงเหนือ,มหาสารคาม,เพื่อใช้ในการศึกษา,0.0,0.0,1530,3608,720,2611.6,3320.5,2086.1,3630.79,3
404,ภาคตะวันออกเฉียงเหนือ,มหาสารคาม,เพื่อใช้ซื้อ/เช่าซื้อบ้านและที่ดิน,0.0,19707.83,14288,14375,36135,20644.6,19116.9,8012.4,65892.64,0
405,ภาคตะวันออกเฉียงเหนือ,มหาสารคาม,อื่น ๆ,546.03,3066.95,4284,2548,347,8.6,633.6,513.7,663.49,3
406,ภาคตะวันออกเฉียงเหนือ,ร้อยเอ็ด,หนี้สินทั้งสิ้น,62342.25,76460.39,55976,117702,138771,187017.4,244163.0,149906.8,182395.82,1
407,ภาคตะวันออกเฉียงเหนือ,ร้อยเอ็ด,เพื่อใช้จ่ายในครัวเรือน,41806.95,41754.15,18599,66158,50827,107901.7,92689.0,43556.2,91232.64,2
408,ภาคตะวันออกเฉียงเหนือ,ร้อยเอ็ด,เพื่อใช้ทำธุรกิจที่ไม่ใช่การเกษตร,9084.48,14465.52,5725,6992,17034,14472.2,17649.2,9622.6,9740.28,3
409,ภาคตะวันออกเฉียงเหนือ,ร้อยเอ็ด,เพื่อใช้ทำการเกษตร,9763.18,12212.34,23538,18249,26982,35565.1,61603.7,24356.6,46786.4,0
410,ภาคตะวันออกเฉียงเหนือ,ร้อยเอ็ด,เพื่อใช้ในการศึกษา,0.0,0.0,2200,2029,12328,2172.5,8635.5,13452.0,6980.14,3
411,ภาคตะวันออกเฉียงเหนือ,ร้อยเอ็ด,เพื่อใช้ซื้อ/เช่าซื้อบ้านและที่ดิน,0.0,6980.54,4734,22815,30771,26781.4,55578.0,58919.3,26649.33,0
412,ภาคตะวันออกเฉียงเหนือ,ร้อยเอ็ด,อื่น ๆ,1687.62,1047.83,1181,1458,829,124.5,8007.6,0.0,1007.03,3
413,ภาคตะวันออกเฉียงเหนือ,กาฬสินธุ์,หนี้สินทั้งสิ้น,73431.56,65455.58,109921,144115,97711,154871.2,124724.5,131577.2,134001.77,1
414,ภาคตะวันออกเฉียงเหนือ,กาฬสินธุ์,เพื่อใช้จ่ายในครัวเรือน,48301.16,24902.24,32997,56768,34478,86766.4,66534.0,56519.0,47550.13,2
415,ภาคตะวันออกเฉียงเหนือ,กาฬสินธุ์,เพื่อใช้ทำธุรกิจที่ไม่ใช่การเกษตร,8118.45,12887.32,14992,11988,14563,16990.2,15287.8,16586.1,18574.75,3
416,ภาคตะวันออกเฉียงเหนือ,กาฬสินธุ์,เพื่อใช้ทำการเกษตร,16722.35,13342.37,17039,17351,17592,17527.9,29671.8,33067.9,40676.08,0
417,ภาคตะวันออกเฉียงเหนือ,กาฬสินธุ์,เพื่อใช้ในการศึกษา,0.0,0.0,8312,10562,2692,5449.1,2511.9,413.4,5513.94,3
418,ภาคตะวันออกเฉียงเหนือ,กาฬสินธุ์,เพื่อใช้ซื้อ/เช่าซื้อบ้านและที่ดิน,0.0,13783.08,33118,43470,27852,28137.5,10719.0,24990.7,21686.86,0
419,ภาคตะวันออกเฉียงเหนือ,กาฬสินธุ์,อื่น ๆ,289.58,540.55,3463,3976,533,0.0,0.0,0.0,0.0,3
420,ภาคตะวันออกเฉียงเหนือ,สกลนคร,หนี้สินทั้งสิ้น,81139.61,75869.04,96367,113124,161441,138724.7,157855.0,164189.7,197077.86,1
421,ภาคตะวันออกเฉียงเหนือ,สกลนคร,เพื่อใช้จ่ายในครัวเรือน,56393.25,23892.92,32439,48198,61836,65572.8,69889.9,71377.0,84898.94,2
422,ภาคตะวันออกเฉียงเหนือ,สกลนคร,เพื่อใช้ทำธุรกิจที่ไม่ใช่การเกษตร,12614.19,8260.11,18192,6779,12082,10512.2,8246.2,25119.5,19272.54,3
423,ภาคตะวันออกเฉียงเหนือ,สกลนคร,เพื่อใช้ทำการเกษตร,12065.28,14114.99,19112,13426,20195,24810.0,29132.3,27828.7,51185.64,0
424,ภาคตะวันออกเฉียงเหนือ,สกลนคร,เพื่อใช้ในการศึกษา,0.0,0.0,6853,2767,4196,1078.9,4920.5,1215.8,1854.79,3
425,ภาคตะวันออกเฉียงเหนือ,สกลนคร,เพื่อใช้ซื้อ/เช่าซื้อบ้านและที่ดิน,0.0,22892.38,17556,40601,60070,36384.7,45629.5,37537.4,39865.95,0
426,ภาคตะวันออกเฉียงเหนือ,สกลนคร,อื่น ๆ,66.87,6708.63,2215,1353,3061,366.0,36.6,1111.3,0.0,3
427,ภาคตะวันออกเฉียงเหนือ,นครพนม,หนี้สินทั้งสิ้น,121363.18,85536.78,85741,70049,92430,76337.8,90411.0,102816.0,192867.55,1
428,ภาคตะวันออกเฉียงเหนือ,นครพนม,เพื่อใช้จ่ายในครัวเรือน,115799.66,25716.72,21204,27086,29130,29348.1,43508.6,58182.3,96149.68,2
429,ภาคตะวันออกเฉียงเหนือ,นครพนม,เพื่อใช้ทำธุรกิจที่ไม่ใช่การเกษตร,1729.28,10748.69,7100,9805,17971,7600.9,7029.1,7966.0,10585.65,3
430,ภาคตะวันออกเฉียงเหนือ,นครพนม,เพื่อใช้ทำการเกษตร,3558.91,10960.24,10356,10217,17908,16107.0,8843.8,11419.2,21888.14,3
431,ภาคตะวันออกเฉียงเหนือ,นครพนม,เพื่อใช้ในการศึกษา,0.0,0.0,3163,522,2208,877.3,730.9,1379.4,13733.45,3
432,ภาคตะวันออกเฉียงเหนือ,นครพนม,เพื่อใช้ซื้อ/เช่าซื้อบ้านและที่ดิน,0.0,33425.57,36350,20789,23781,21052.0,28978.1,21554.2,44150.9,0
433,ภาคตะวันออกเฉียงเหนือ,นครพนม,อื่น ๆ,275.32,4685.54,7568,1629,1432,1352.6,1320.5,2315.0,6359.73,3
434,ภาคตะวันออกเฉียงเหนือ,มุกดาหาร,หนี้สินทั้งสิ้น,66520.36,89131.55,132063,115677,129737,182410.8,123125.4,184066.9,171992.18,1
435,ภาคตะวันออกเฉียงเหนือ,มุกดาหาร,เพื่อใช้จ่ายในครัวเรือน,44009.08,36737.23,71911,59911,44088,85252.9,62739.5,87682.3,83662.04,2
436,ภาคตะวันออกเฉียงเหนือ,มุกดาหาร,เพื่อใช้ทำธุรกิจที่ไม่ใช่การเกษตร,9473.55,26384.48,7206,8467,16462,11991.0,20619.1,42348.4,8758.29,0
437,ภาคตะวันออกเฉียงเหนือ,มุกดาหาร,เพื่อใช้ทำการเกษตร,13035.8,8908.81,15746,10355,18226,11412.8,18926.2,19344.6,28988.2,0
438,ภาคตะวันออกเฉียงเหนือ,มุกดาหาร,เพื่อใช้ในการศึกษา,0.0,0.0,4007,3587,6035,4437.5,4030.9,5739.1,5268.35,3
439,ภาคตะวันออกเฉียงเหนือ,มุกดาหาร,เพื่อใช้ซื้อ/เช่าซื้อบ้านและที่ดิน,0.0,16949.3,28524,31950,28221,65941.8,16684.7,28800.4,45086.11,0
440,ภาคตะวันออกเฉียงเหนือ,มุกดาหาร,อื่น ๆ,1.91,151.72,4669,1408,16705,3374.8,125.1,152.2,229.19,3
441,ภาคใต้,นครศรีธรรมราช,หนี้สินทั้งสิ้น,84791.2,104706.32,107541,104004,167985,89624.8,123677.8,164476.1,152743.44,1
442,ภาคใต้,นครศรีธรรมราช,เพื่อใช้จ่ายในครัวเรือน,25409.06,31439.57,22651,21707,48898,36806.7,66204.2,68923.8,65826.8,2
443,ภาคใต้,นครศรีธรรมราช,เพื่อใช้ทำธุรกิจที่ไม่ใช่การเกษตร,47167.63,18312.76,25384,24181,29544,14392.6,10830.9,17684.9,17362.92,0
444,ภาคใต้,นครศรีธรรมราช,เพื่อใช้ทำการเกษตร,11000.31,20371.84,14591,17167,34877,12491.7,14515.4,28625.8,27945.79,0
445,ภาคใต้,นครศรีธรรมราช,เพื่อใช้ในการศึกษา,0.0,0.0,5344,4672,10407,1262.3,4203.0,4328.7,6455.78,3
446,ภาคใต้,นครศรีธรรมราช,เพื่อใช้ซื้อ/เช่าซื้อบ้านและที่ดิน,0.0,33517.73,37391,32832,37163,23377.5,23146.5,44843.3,32912.27,0
447,ภาคใต้,นครศรีธรรมราช,อื่น ๆ,1214.17,1064.4,2179,3446,7096,1293.9,4777.9,69.6,2239.89,3
448,ภาคใต้,กระบี่,หนี้สินทั้งสิ้น,105404.91,201625.17,156798,182167,219674,177494.6,168945.8,373325.2,289237.36,4
449,ภาคใต้,กระบี่,เพื่อใช้จ่ายในครัวเรือน,48858.36,51529.46,66051,93221,84942,98094.9,101299.8,166529.6,158934.51,1
450,ภาคใต้,กระบี่,เพื่อใช้ทำธุรกิจที่ไม่ใช่การเกษตร,31051.59,75606.33,23310,10133,44884,25734.2,17688.4,85333.6,70105.53,2
451,ภาคใต้,กระบี่,เพื่อใช้ทำการเกษตร,25369.54,27652.61,28135,20249,27964,15272.7,9032.4,25180.8,19111.74,0
452,ภาคใต้,กระบี่,เพื่อใช้ในการศึกษา,0.0,0.0,4849,6840,5032,2497.8,2393.2,6812.5,5312.58,3
453,ภาคใต้,กระบี่,เพื่อใช้ซื้อ/เช่าซื้อบ้านและที่ดิน,0.0,46508.44,32474,47932,55955,34475.3,38272.9,89468.6,35759.23,2
454,ภาคใต้,กระบี่,อื่น ๆ,125.4,328.32,1979,3793,897,1419.7,259.2,0.0,13.79,3
455,ภาคใต้,พังงา,หนี้สินทั้งสิ้น,22316.47,47684.21,87955,106855,56697,82727.7,123375.6,164166.6,131646.2,1
456,ภาคใต้,พังงา,เพื่อใช้จ่ายในครัวเรือน,15715.83,13595.78,37223,53724,26581,22896.4,47987.3,75221.5,62839.44,2
457,ภาคใต้,พังงา,เพื่อใช้ทำธุรกิจที่ไม่ใช่การเกษตร,2434.69,11673.79,8576,3570,7707,8629.5,8746.3,13771.4,4686.01,3
458,ภาคใต้,พังงา,เพื่อใช้ทำการเกษตร,2076.42,9065.78,6141,7853,2050,22682.9,5556.0,20551.7,31541.94,3
459,ภาคใต้,พังงา,เพื่อใช้ในการศึกษา,0.0,0.0,4219,226,211,568.7,366.8,1487.5,514.88,3
460,ภาคใต้,พังงา,เพื่อใช้ซื้อ/เช่าซื้อบ้านและที่ดิน,0.0,12424.71,31796,40255,20148,26874.2,60719.3,53134.5,32063.94,0
461,ภาคใต้,พังงา,อื่น ๆ,2089.52,924.12,0,1227,0,1076.0,0.0,0.0,0.0,3
462,ภาคใต้,ภูเก็ต,หนี้สินทั้งสิ้น,135781.71,71470.88,72379,82362,80201,71828.9,91903.8,135375.9,239551.96,1
463,ภาคใต้,ภูเก็ต,เพื่อใช้จ่ายในครัวเรือน,127887.96,34686.33,40696,42685,28767,21575.2,2953.0,71299.7,65068.57,2
464,ภาคใต้,ภูเก็ต,เพื่อใช้ทำธุรกิจที่ไม่ใช่การเกษตร,6380.24,5702.83,5420,1468,7192,11986.4,848.6,11687.1,16109.79,3
465,ภาคใต้,ภูเก็ต,เพื่อใช้ทำการเกษตร,1457.07,5799.84,899,148,0,0.0,0.0,346.5,211.74,3
466,ภาคใต้,ภูเก็ต,เพื่อใช้ในการศึกษา,0.0,0.0,1099,2614,1894,767.8,2616.7,4966.4,4981.37,3
467,ภาคใต้,ภูเก็ต,เพื่อใช้ซื้อ/เช่าซื้อบ้านและที่ดิน,0.0,24420.83,24099,34028,42296,37263.8,85485.4,47076.2,152972.4,2
468,ภาคใต้,ภูเก็ต,อื่น ๆ,56.41,861.02,166,1420,50,235.7,0.0,0.0,208.09,3
469,ภาคใต้,สุราษฎร์ธานี,หนี้สินทั้งสิ้น,112501.51,87112.78,125727,142231,188247,144725.2,198998.1,219064.9,240461.85,4
470,ภาคใต้,สุราษฎร์ธานี,เพื่อใช้จ่ายในครัวเรือน,39620.92,21444.32,39034,59500,57845,70501.0,90966.5,113499.1,81010.74,2
471,ภาคใต้,สุราษฎร์ธานี,เพื่อใช้ทำธุรกิจที่ไม่ใช่การเกษตร,19480.55,11034.89,13305,28800,60888,24646.4,8981.9,10099.5,59404.3,0
472,ภาคใต้,สุราษฎร์ธานี,เพื่อใช้ทำการเกษตร,50764.27,23903.83,24646,21104,27982,13586.9,51575.5,25935.4,34057.52,0
473,ภาคใต้,สุราษฎร์ธานี,เพื่อใช้ในการศึกษา,0.0,0.0,4230,3347,2421,455.3,1161.0,3085.7,2044.46,3
474,ภาคใต้,สุราษฎร์ธานี,เพื่อใช้ซื้อ/เช่าซื้อบ้านและที่ดิน,0.0,30262.26,42827,27408,35122,33288.7,46105.5,66445.2,63897.43,2
475,ภาคใต้,สุราษฎร์ธานี,อื่น ๆ,2635.76,467.46,1686,2073,3989,2246.8,207.7,0.0,47.4,3
476,ภาคใต้,ระนอง,หนี้สินทั้งสิ้น,91400.04,81811.94,92274,157317,102741,161419.6,180868.7,106994.4,156195.34,1
477,ภาคใต้,ระนอง,เพื่อใช้จ่ายในครัวเรือน,32099.23,30353.62,27411,65861,49548,76106.3,74598.2,71825.4,88112.06,2
478,ภาคใต้,ระนอง,เพื่อใช้ทำธุรกิจที่ไม่ใช่การเกษตร,30262.24,13074.94,13714,37463,16271,12215.0,28717.8,6714.4,17720.87,0
479,ภาคใต้,ระนอง,เพื่อใช้ทำการเกษตร,28728.92,19664.19,17802,20486,23443,42719.4,34777.3,22919.3,30455.2,0
480,ภาคใต้,ระนอง,เพื่อใช้ในการศึกษา,0.0,0.0,419,1189,461,2756.4,1528.7,578.5,222.46,3
481,ภาคใต้,ระนอง,เพื่อใช้ซื้อ/เช่าซื้อบ้านและที่ดิน,0.0,18271.93,32612,32183,12244,27622.5,41246.8,4950.3,18598.33,0
482,ภาคใต้,ระนอง,อื่น ๆ,309.64,447.23,317,136,774,0.0,0.0,6.4,1086.43,3
483,ภาคใต้,ชุมพร,หนี้สินทั้งสิ้น,87802.28,90195.02,116327,127313,124643,130163.6,197458.5,199745.9,157728.32,1
484,ภาคใต้,ชุมพร,เพื่อใช้จ่ายในครัวเรือน,46736.1,10374.06,14367,31367,42861,49401.2,100247.9,79100.5,75671.81,2
485,ภาคใต้,ชุมพร,เพื่อใช้ทำธุรกิจที่ไม่ใช่การเกษตร,16508.05,31738.75,27722,25996,5905,38638.9,5895.5,29757.8,13467.23,0
486,ภาคใต้,ชุมพร,เพื่อใช้ทำการเกษตร,23535.94,30317.11,25419,33299,25925,22506.9,30059.3,55067.7,43397.6,0
487,ภาคใต้,ชุมพร,เพื่อใช้ในการศึกษา,0.0,0.0,1480,2296,220,1763.5,606.5,144.1,1199.24,3
488,ภาคใต้,ชุมพร,เพื่อใช้ซื้อ/เช่าซื้อบ้านและที่ดิน,0.0,15892.38,43598,34326,37338,17853.2,60262.8,35675.8,22094.49,0
489,ภาคใต้,ชุมพร,อื่น ๆ,1022.17,1872.7,3741,29,12394,0.0,386.5,0.0,1897.95,3
490,ภาคใต้,สงขลา,หนี้สินทั้งสิ้น,75200.38,58635.91,174109,142526,115079,107471.9,161526.0,172272.1,174405.21,1
491,ภาคใต้,สงขลา,เพื่อใช้จ่ายในครัวเรือน,71413.1,33412.39,37676,50069,46442,47323.9,65756.6,77191.9,70104.24,2
492,ภาคใต้,สงขลา,เพื่อใช้ทำธุรกิจที่ไม่ใช่การเกษตร,2277.13,8269.83,23130,15923,7767,14206.3,9556.6,43701.1,14539.3,0
493,ภาคใต้,สงขลา,เพื่อใช้ทำการเกษตร,1510.14,5021.88,7455,9506,3960,7733.3,1496.1,9931.0,6715.43,3
494,ภาคใต้,สงขลา,เพื่อใช้ในการศึกษา,0.0,0.0,11355,5214,2918,1167.9,3657.6,2188.7,5111.57,3
495,ภาคใต้,สงขลา,เพื่อใช้ซื้อ/เช่าซื้อบ้านและที่ดิน,0.0,11931.79,93364,61747,53949,37040.6,81059.1,32540.8,77855.4,2
496,ภาคใต้,สงขลา,อื่น ๆ,0.0,0.0,1129,67,43,0.0,0.0,6718.5,79.27,3
497,ภาคใต้,สตูล,หนี้สินทั้งสิ้น,56518.37,82045.7,69314,116896,183123,101355.4,155314.4,145458.0,166360.94,1
498,ภาคใต้,สตูล,เพื่อใช้จ่ายในครัวเรือน,27223.91,20125.11,25691,70421,68199,68341.3,105874.6,64014.7,53091.86,2
499,ภาคใต้,สตูล,เพื่อใช้ทำธุรกิจที่ไม่ใช่การเกษตร,9377.4,24377.92,8451,9353,16847,7713.3,3230.2,7474.9,23588.33,3
500,ภาคใต้,สตูล,เพื่อใช้ทำการเกษตร,15617.2,5858.33,5332,8447,50333,4435.9,9090.6,31919.5,5623.32,3
501,ภาคใต้,สตูล,เพื่อใช้ในการศึกษา,0.0,0.0,6136,370,3166,2338.2,2290.1,2137.5,4093.5,3
502,ภาคใต้,สตูล,เพื่อใช้ซื้อ/เช่าซื้อบ้านและที่ดิน,0.0,31672.35,23424,27418,42874,16709.9,34626.7,39850.7,79963.94,0
503,ภาคใต้,สตูล,อื่น ๆ,4299.86,11.99,281,886,1705,1816.8,202.3,60.8,0.0,3
504,ภาคใต้,ตรัง,หนี้สินทั้งสิ้น,63839.17,193424.12,133375,178839,132883,154678.4,160207.0,131872.6,177206.64,1
505,ภาคใต้,ตรัง,เพื่อใช้จ่ายในครัวเรือน,35621.7,28425.12,38702,81184,59670,82612.2,88079.7,85917.2,104108.01,2
506,ภาคใต้,ตรัง,เพื่อใช้ทำธุรกิจที่ไม่ใช่การเกษตร,15168.84,14356.0,33319,13239,12089,20905.9,20095.4,26314.9,25870.97,0
507,ภาคใต้,ตรัง,เพื่อใช้ทำการเกษตร,12467.73,15276.23,8681,9391,18123,5441.6,10394.6,2466.0,9550.41,3
508,ภาคใต้,ตรัง,เพื่อใช้ในการศึกษา,0.0,0.0,5008,3171,3861,1837.5,211.1,738.4,2940.69,3
509,ภาคใต้,ตรัง,เพื่อใช้ซื้อ/เช่าซื้อบ้านและที่ดิน,0.0,36072.63,43638,59874,38507,43054.2,39726.7,16419.6,34063.47,0
510,ภาคใต้,ตรัง,อื่น ๆ,580.89,99294.13,4026,11980,633,827.0,1699.4,16.5,673.09,3
511,ภาคใต้,พัทลุง,หนี้สินทั้งสิ้น,80866.8,89967.46,117631,129637,140417,169818.7,162248.7,206986.4,183717.82,1
512,ภาคใต้,พัทลุง,เพื่อใช้จ่ายในครัวเรือน,45802.99,23320.14,45279,59421,67678,67935.1,69274.8,86455.1,72416.77,2
513,ภาคใต้,พัทลุง,เพื่อใช้ทำธุรกิจที่ไม่ใช่การเกษตร,19784.54,11264.62,15550,20135,15311,24106.5,22359.8,27625.6,17084.76,0
514,ภาคใต้,พัทลุง,เพื่อใช้ทำการเกษตร,15023.79,16171.68,12856,6941,12644,10697.3,22663.4,26185.2,27618.83,0
515,ภาคใต้,พัทลุง,เพื่อใช้ในการศึกษา,0.0,0.0,6056,5654,8847,4475.3,1730.5,3411.4,2675.35,3
516,ภาคใต้,พัทลุง,เพื่อใช้ซื้อ/เช่าซื้อบ้านและที่ดิน,0.0,38378.31,31817,36450,33733,61986.8,42602.3,61133.4,59946.84,2
517,ภาคใต้,พัทลุง,อื่น ๆ,255.46,832.69,6073,1037,2204,617.7,3618.0,2175.8,3975.28,3
518,ภาคใต้,ปัตตานี,หนี้สินทั้งสิ้น,46145.19,91797.66,82046,80120,82370,83776.5,109102.5,141540.1,137591.84,1
519,ภาคใต้,ปัตตานี,เพื่อใช้จ่ายในครัวเรือน,35861.75,31106.31,23291,25824,33162,43763.3,44687.2,57368.3,73966.25,2
520,ภาคใต้,ปัตตานี,เพื่อใช้ทำธุรกิจที่ไม่ใช่การเกษตร,5011.88,30285.51,10928,12186,16045,5350.3,15978.3,32034.3,23931.46,0
521,ภาคใต้,ปัตตานี,เพื่อใช้ทำการเกษตร,5034.97,7537.4,6698,3478,5242,270.9,9810.0,589.5,971.38,3
522,ภาคใต้,ปัตตานี,เพื่อใช้ในการศึกษา,0.0,0.0,4815,4506,4693,10426.9,7573.5,10826.5,7425.23,3
523,ภาคใต้,ปัตตานี,เพื่อใช้ซื้อ/เช่าซื้อบ้านและที่ดิน,0.0,18809.28,35896,31553,20758,23060.2,29669.6,40289.5,28988.5,0
524,ภาคใต้,ปัตตานี,อื่น ๆ,236.58,4059.13,418,2573,2470,904.8,1384.0,431.9,2309.04,3
525,ภาคใต้,ยะลา,หนี้สินทั้งสิ้น,56566.35,54634.7,55672,56369,18901,60166.7,35828.9,22272.4,28437.84,0
526,ภาคใต้,ยะลา,เพื่อใช้จ่ายในครัวเรือน,46274.51,14564.27,11880,13335,3137,16275.6,5611.9,10137.1,14012.64,3
527,ภาคใต้,ยะลา,เพื่อใช้ทำธุรกิจที่ไม่ใช่การเกษตร,3773.58,14912.08,11693,8380,2508,2762.1,11693.5,1677.1,4994.31,3
528,ภาคใต้,ยะลา,เพื่อใช้ทำการเกษตร,6518.26,6442.09,2044,3519,421,1505.8,163.8,36.1,683.53,3
529,ภาคใต้,ยะลา,เพื่อใช้ในการศึกษา,0.0,0.0,2410,2763,1834,1436.1,1669.7,0.0,3754.29,3
530,ภาคใต้,ยะลา,เพื่อใช้ซื้อ/เช่าซื้อบ้านและที่ดิน,0.0,18716.24,26399,23990,10848,38187.1,16690.1,10422.1,4993.07,0
531,ภาคใต้,ยะลา,อื่น ๆ,0.0,0.0,1245,4382,154,0.0,0.0,0.0,0.0,3
532,ภาคใต้,นราธิวาส,หนี้สินทั้งสิ้น,34023.23,39297.09,57235,36368,26246,40942.5,44974.1,40566.9,60282.75,0
533,ภาคใต้,นราธิวาส,เพื่อใช้จ่ายในครัวเรือน,17307.28,15313.07,10601,21474,7045,27018.9,33695.0,27220.1,43709.57,0
534,ภาคใต้,นราธิวาส,เพื่อใช้ทำธุรกิจที่ไม่ใช่การเกษตร,12866.93,5612.24,8500,2694,5368,1011.7,2164.7,2004.5,3803.81,3
535,ภาคใต้,นราธิวาส,เพื่อใช้ทำการเกษตร,3708.66,2594.38,1405,95,2258,510.4,1082.6,0.0,768.46,3
536,ภาคใต้,นราธิวาส,เพื่อใช้ในการศึกษา,0.0,0.0,2539,781,2014,1787.7,270.2,534.3,114.76,3
537,ภาคใต้,นราธิวาส,เพื่อใช้ซื้อ/เช่าซื้อบ้านและที่ดิน,0.0,14549.58,32001,11234,7482,10561.9,7761.6,10807.9,11886.15,3
538,ภาคใต้,นราธิวาส,อื่น ๆ,140.34,1227.8,2190,91,2080,51.9,0.0,0.0,0.0,3
